HH-pol,HV-pol,SM1 (%),Crop Name,label
-9.30941,-17.00176,8.2,Fallow,Low
-8.10325,-15.88235,44.8,Perl Millet,Very High
-9.62345,-17.15174,6.0,Fallow,Low
-9.94934,-19.37645,5.7,Ortho,Low
-6.80651,-17.59076,2.7,Fallow,Low
-9.78643,-10.79381,37.4,Perl Millet,High
-8.44387,-15.33186,27.3,Perl Millet,High
-8.75233,-18.93091,15.2,Perl Millet,Medium
-12.47915,-18.12421,9.1,Perl Millet,Low
-9.48801,-14.64609,26.9,Perl Millet,High
-7.93055,-19.29293,3.8,Fallow,Low
-10.35046,-17.05132,4.7,Fallow,Low
-10.06136,-19.13012,5.0,Fallow,Low
-12.05981,-19.29424,2.1,Fallow,Low
-10.30704,-19.45123,2.4,Fallow,Low
-12.82574,-21.29368,12.6,Fallow,Medium
-10.22037,-19.06915,5.0,Fallow,Low
-8.61756,-20.42012,6.8,Fallow,Low
-12.73595,-17.84052,6.2,Fallow,Low
-12.2253,-22.54355,5.83333333333333,Fallow,Low
-10.92568,-15.49919,6.3,Fallow,Low
-12.65881,-16.4699,3.8,Fallow,Low
-12.57115,-20.66377,6.3,Fallow,Low
-12.63191,-15.34244,7.0,Fallow,Low
-13.02122,-15.69567,7.6,Fallow,Low
-11.54633,-13.21472,8.7,Fallow,Low
-10.58841,-15.85361,5.0,Fallow,Low
-8.42513,-17.40769,4.0,Fallow,Low
-12.02991,-15.60047,3.4,Fallow,Low
-13.06616,-14.96992,5.3,Fallow,Low
-12.04677,-19.2503,2.4,Fallow,Low
-8.4518,-17.31775,6.8,Fallow,Low
-9.3763,-19.00197,3.0,Fallow,Low
-8.84624,-15.81384,4.3,Fallow,Low
-9.50577,-15.5643,3.03333333333333,Fallow,Low
-7.24491,-18.34963,3.6,Fallow,Low
-9.55814,-16.25389,4.2,Fallow,Low
-12.91854,-19.12096,6.0,Fallow,Low
-10.35664,-17.43173,2.3,Fallow,Low
-11.89789,-19.27818,4.53333333333333,Fallow,Low
-7.08127,-15.57441,2.6,Fallow,Low
-9.99693,-18.66412,2.4,Fallow,Low
-9.61241,-16.59726,2.8,Fallow,Low
-9.83582,-15.61723,32.1,Fallow,High
-9.15462,-14.64847,5.86666666666667,Fallow,Low
-5.9622,-16.00036,14.4,Fallow,Medium
-7.39929,-16.99431,23.3,Fallow,Medium
-12.4412,-18.07345,4.3,Fallow,Low
-9.06017,-20.28106,40.6,Fallow,High
-10.5291,-19.31998,25.4666666666667,Fallow,High
-9.95405,-12.73768,4.5,Fallow,Low
-9.48952,-17.54862,52.2,Dalia,Very High
-10.76591,-18.80001,25.1,Perl Millet,High
-12.10011,-13.80231,17.2,Jowar,Medium
-10.91712,-19.1987,5.2,Fallow,Low
-7.81574,-18.94311,4.8,Fallow,Low
-6.59767,-18.39282,27.4,Fallow,High
-10.1896,-14.50748,37.3,Fallow,High
-9.96887,-15.24612,8.2,Fallow,Low
-12.61298,-20.17157,5.86666666666667,Fallow,Low
-13.38488,-19.73572,4.1,Fallow,Low
-9.36742,-16.36509,3.5,Fallow,Low
-8.86449,-15.5614,4.0,Fallow,Low
-10.81193,-15.77439,3.8,Fallow,Low
-12.77497,-17.40721,5.13333333333333,Fallow,Low
-9.92453,-18.7951,3.6,Fallow,Low
-11.65075,-17.92907,5.1,Fallow,Low
-12.55268,-17.39989,16.0,Fallow,Medium
-8.42385,-19.05501,2.8,Fallow,Low
-10.12433,-19.84436,10.7666666666667,Fallow,Medium
-8.62324,-17.74773,3.2,Fallow,Low
-13.38404,-18.17859,6.5,Fallow,Low
-9.93938,-18.48502,6.0,Fallow,Low
-12.57221,-19.60516,4.9,Fallow,Low
-11.58666,-22.13792,6.06666666666667,Fallow,Low
-11.84989,-18.48023,9.6,Fallow,Low
-10.29152,-16.81516,3.4,Fallow,Low
-11.18491,-20.68605,21.8,Fallow,Medium
-9.20688,-19.93405,5.9,Fallow,Low
-9.82747,-20.41621,4.6,Fallow,Low
-11.9066,-15.6542,3.9,Fallow,Low
-8.62748,-16.12485,21.5,Perl Millet,Medium
-10.26128,-17.77907,15.8,Perl Millet,Medium
-9.58333,-15.26672,3.8,Fallow,Low
-10.80369,-16.14764,23.8,Perl Millet,Medium
-11.40774,-16.74591,2.7,Fallow,Low
-10.66648,-18.70679,2.3,Fallow,Low
-10.40914,-19.00854,3.8,Fallow,Low
-10.64451,-14.9134,4.4,Fallow,Low
-10.85311,-15.57489,3.03333333333333,Fallow,Low
-8.71543,-16.33234,5.2,Fallow,Low
-7.59162,-17.00725,18.1,Perl Millet,Medium
-9.77731,-14.99134,14.3,Perl Millet,Medium
-9.90516,-15.88723,10.0,Fodder,Medium
-7.98585,-13.54009,11.0666666666667,Perl Millet,Medium
-11.59984,-15.24045,2.7,Fallow,Low
-10.15491,-16.6594,1.8,Fallow,Low
-10.27771,-15.62443,6.5,Fallow,Low
-11.41008,-14.18518,4.3,Fallow,Low
-9.99171,-17.71975,4.3,Fallow,Low
-9.99353,-17.59457,11.1,Perl Millet,Medium
-16.11224,-16.47931,3.4,Fallow,Low
-12.40588,-18.25706,3.4,Fallow,Low
-10.10306,-20.26867,10.0,Perl Millet,Medium
-11.42363,-18.8493,3.5,Fallow,Low
-10.27678,-15.48715,24.0,Perl Millet,Medium
-10.50687,-19.34296,9.0,Perl Millet,Low
-9.73199,-20.68956,8.1,Fallow,Low
-4.61541,-16.63832,8.2,Fallow,Low
-5.96827,-17.78609,7.63333333333333,Fallow,Low
-8.34858,-15.88976,6.7,Fallow,Low
-11.14656,-17.52194,4.5,Fallow,Low
-8.52316,-20.67591,7.2,Fallow,Low
-10.1982,-20.33198,10.9,Fallow,Medium
-8.41919,-16.53362,7.3,Fallow,Low
-12.539,-19.59726,3.1,Fallow,Low
-9.71709,-19.0863,6.3,Fallow,Low
-8.58314,-19.84718,8.2,Fallow,Low
-10.10585,-19.30422,3.1,Fallow,Low
-8.63957,-17.63755,3.06666666666667,Fallow,Low
-11.70591,-19.3558,4.8,Fallow,Low
-12.5956,-18.66204,6.0,Fallow,Low
-8.31751,-16.24288,4.7,Fallow,Low
-13.69957,-17.91339,5.3,Fallow,Low
-12.82822,-17.00291,3.93333333333333,Fallow,Low
-10.14318,-16.18518,7.5,Fallow,Low
-9.92714,-13.4896,5.5,Fallow,Low
-8.02571,-17.00131,3.6,Fallow,Low
-8.50091,-14.90316,24.3,Perl Millet,High
-6.79147,-13.40384,4.13333333333333,Fallow,Low
-11.39931,-16.95714,3.9,Fallow,Low
-10.37276,-18.10662,3.2,Fallow,Low
-12.73931,-18.60884,6.2,Fallow,Low
-13.7772,-20.55642,6.0,Fallow,Low
-13.01777,-18.87309,5.2,Fallow,Low
-12.12883,-17.83792,4.6,Fallow,Low
-10.56085,-18.90542,7.2,Perl Millet,Low
-10.87192,-17.31002,6.4,Fallow,Low
-11.11697,-17.88612,9.6,Lemon,Low
-8.47505,-17.83606,3.9,Fallow,Low
-13.27059,-18.08,9.9,Fallow,Medium
-9.52774,-15.92632,4.6,Fallow,Low
-11.35041,-18.37833,9.4,Perl Millet,Low
-11.05268,-20.60588,5.6,Perl Millet,Low
-10.55465,-18.73426,3.63333333333333,Fallow,Low
-8.04576,-16.04432,4.8,Fallow,Low
-11.49121,-14.58091,6.0,Fallow,Low
-12.41822,-19.93744,7.0,Fallow,Low
-8.47065,-18.07469,6.1,Fallow,Low
-9.38149,-15.65567,4.66666666666667,Fallow,Low
-9.76782,-19.85343,5.6,Fallow,Low
-8.08993,-20.00043,6.0,Fallow,Low
-13.25882,-19.69639,7.5,Fallow,Low
-12.57703,-18.34802,6.0,Fallow,Low
-12.42413,-21.58351,4.23333333333333,Fallow,Low
-8.81033,-16.99902,4.5,Fallow,Low
-9.55602,-20.43587,4.4,Fallow,Low
-10.88357,-19.17058,4.9,Fallow,Low
-9.89672,-18.51013,5.1,Fallow,Low
-9.94744,-19.98977,5.23333333333333,Fallow,Low
-9.73473,-17.54627,3.1,Fallow,Low
-8.39772,-18.18887,3.4,Fallow,Low
-10.90219,-20.4282,5.3,Fallow,Low
-9.06636,-20.15195,5.9,Fallow,Low
-9.98621,-19.54142,5.1,Fallow,Low
-13.52166,-18.06394,5.3,Fallow,Low
-9.53244,-21.01332,2.0,Fallow,Low
-12.92742,-18.34117,5.6,Fallow,Low
-12.30961,-18.75179,4.5,Fallow,Low
-7.23649,-17.44619,2.9,Fallow,Low
-5.30355,-16.9171,4.4,Fallow,Low
-10.80022,-20.36597,5.2,Fallow,Low
-9.4701,-20.03633,4.4,Fallow,Low
-8.81859,-20.72062,6.33333333333333,Fallow,Low
-6.31535,-14.88891,5.9,Fallow,Low
-10.88244,-17.12181,9.6,Fallow,Low
-13.55108,-17.08879,10.6,Fallow,Medium
-6.13137,-14.66002,8.4,Fallow,Low
-5.91162,-15.37017,3.0,Jowar,Low
-10.59007,-20.75805,5.2,Fallow,Low
-11.84047,-20.21469,3.6,Fallow,Low
-12.92395,-17.17836,4.0,Fallow,Low
-11.04887,-19.74615,14.3,Fallow,Medium
-10.3795,-19.64087,4.73333333333333,Fallow,Low
-10.67191,-17.0116,8.8,Fallow,Low
-11.12071,-17.89982,7.5,Fallow,Low
-6.98058,-19.11699,16.5,Fallow,Medium
-11.10559,-15.65273,5.1,Fallow,Low
-12.85345,-16.76506,5.03333333333333,Fallow,Low
-10.27833,-19.20464,10.1,Fallow,Medium
-11.12096,-18.51127,4.0,Fallow,Low
-10.82477,-17.25841,10.9,Fallow,Medium
-9.44621,-20.6972,12.1,Fallow,Medium
-8.39153,-21.29637,7.6,Jowar,Low
-11.58569,-18.73344,4.5,Fallow,Low
-11.61284,-21.14886,9.2,Fallow,Low
-10.98072,-20.57076,8.6,Fallow,Low
-11.73344,-14.9529,5.3,Fallow,Low
-12.89758,-22.37228,8.8,Fallow,Low
-11.03072,-22.94161,7.9,Fallow,Low
-9.26711,-18.83701,8.0,Fallow,Low
-9.15293,-16.9023,7.5,Fallow,Low
-9.37779,-18.77598,7.7,Fallow,Low
-10.19527,-21.27054,6.53333333333333,Fallow,Low
-13.58312,-19.5702,10.1,Fallow,Medium
-7.60856,-17.88892,7.3,Fallow,Low
-11.93629,-20.25759,5.7,Fallow,Low
-10.76908,-18.3809,10.9,Fallow,Medium
-10.11747,-17.90145,11.1666666666667,Fallow,Medium
-9.63513,-14.17819,7.2,Fallow,Low
-10.83231,-19.34392,12.2,Fallow,Medium
-12.4923,-17.70054,3.6,Fallow,Low
-13.35141,-18.0166,3.5,Fallow,Low
-12.41044,-19.67101,5.0,Fallow,Low
-11.44702,-19.2646,4.1,Fallow,Low
-11.85436,-17.14774,2.0,Fallow,Low
-9.85575,-18.12351,3.3,Fallow,Low
-8.82562,-17.03471,26.5,Fallow,High
-12.17636,-19.5592,3.56666666666667,Fallow,Low
-8.50558,-15.9439,3.5,Fallow,Low
-9.61547,-16.58741,9.7,Perl Millet,Low
-8.48319,-14.92623,8.1,Perl Millet,Low
-9.25361,-16.75519,4.2,Fallow,Low
-7.76838,-15.93639,9.8,Perl Millet,Low
-10.4109,-17.86766,2.3,Fallow,Low
-11.28137,-19.2223,3.8,Fallow,Low
-14.32589,-18.3308,5.8,Fallow,Low
-12.17004,-15.89186,3.4,Fallow,Low
-10.30995,-18.01309,3.73333333333333,Fallow,Low
-10.97115,-19.15121,5.8,Fallow,Low
-10.79507,-18.25691,5.9,Fallow,Low
-10.51529,-17.58019,4.9,Fallow,Low
-11.15279,-18.58536,8.9,Fallow,Low
-12.51155,-16.91809,4.1,Maize,Low
-9.56054,-14.20705,5.0,Fallow,Low
-9.97564,-17.33197,21.7,Fallow,Medium
-12.70208,-21.24128,6.0,Fallow,Low
-8.70931,-15.94359,5.7,Fallow,Low
-8.82938,-20.02662,4.93333333333333,Fallow,Low
-12.36847,-17.67123,6.6,Fallow,Low
-9.98334,-20.29229,4.5,Fallow,Low
-11.12333,-22.18016,4.9,Fallow,Low
-10.66911,-18.22038,6.5,Fallow,Low
-11.66468,-20.84065,6.7,Fallow,Low
-11.27748,-18.23177,1.3,Fallow,Low
-9.71333,-14.93049,1.5,Fallow,Low
-12.87783,-17.31876,5.5,Fallow,Low
-11.93946,-16.6588,6.6,Fallow,Low
-11.75839,-16.83139,4.73333333333333,Fallow,Low
-10.72236,-17.07624,6.7,Fallow,Low
-8.76442,-20.7882,5.1,Fallow,Low
-12.13231,-19.25582,4.5,Fallow,Low
-9.63208,-18.72573,12.3,Fallow,Medium
-8.37543,-19.00868,5.46666666666667,Fallow,Low
-10.17586,-19.2662,5.8,Fallow,Low
-12.2818,-18.61947,24.8,Fallow,High
-9.11226,-17.7916,10.7,Fallow,Medium
-10.8465,-17.73043,5.0,Fallow,Low
-8.68175,-17.82693,5.9,Fallow,Low
-13.66941,-17.14915,31.9,Fallow,High
-15.03101,-20.1679,5.4,Fallow,Low
-13.244,-19.5706,4.7,Fallow,Low
-11.22909,-17.73561,1.9,Fallow,Low
-15.27264,-18.05136,2.13333333333333,Fallow,Low
-8.04853,-17.97629,23.3,Fallow,Medium
-10.66532,-15.91695,7.1,Fallow,Low
-10.26165,-19.33342,5.2,Fallow,Low
-9.21452,-15.38738,5.7,Fallow,Low
-10.16959,-19.17929,5.16666666666667,Fallow,Low
-11.8137,-18.54244,5.5,Fallow,Low
-11.95471,-20.28526,3.6,Fallow,Low
-9.54902,-17.59835,6.2,Fallow,Low
-11.22326,-18.5828,7.3,Fallow,Low
-11.10386,-17.03619,7.33333333333333,Fallow,Low
-8.5308,-15.03628,45.5,Paddy,Very High
-11.34406,-15.7179,50.0,Paddy,Very High
-9.4332,-21.29746,50.0,Paddy,Very High
-12.2483,-17.42746,30.7,Lemon,High
-10.26339,-17.23349,50.0,Paddy,Very High
-9.16349,-17.78382,50.0,Paddy,Very High
-8.15553,-17.89625,50.0,Paddy,Very High
-4.34219,-19.40525,50.0,Paddy,Very High
-6.3311,-18.77193,50.0,Paddy,Very High
-7.96304,-18.63305,50.0,Paddy,Very High
-5.82978,-13.20335,50.0,Paddy,Very High
-9.47855,-18.2966,50.0,Paddy,Very High
-11.74358,-19.7147,50.0,Paddy,Very High
-9.98594,-13.46176,50.0,Paddy,Very High
-9.51948,-13.80209,50.0,Paddy,Very High
-11.09481,-21.20652,50.0,Fallow,Very High
-4.99003,-17.23485,50.0,Fallow,Very High
-10.82931,-20.12851,50.0,Paddy,Very High
-12.24493,-22.67266,41.8,Fallow,Very High
-11.27731,-22.56109,50.0,Paddy,Very High
-12.15875,-19.22189,50.0,Paddy,Very High
-13.97678,-20.70181,50.0,Paddy,Very High
-10.52266,-20.00559,50.0,Paddy,Very High
-11.1282,-21.04484,50.0,Paddy,Very High
-13.01533,-21.96145,50.0,Paddy,Very High
-12.51616,-18.8468,50.0,Paddy,Very High
-16.27731,-22.62097,50.0,Paddy,Very High
-11.82443,-21.86456,50.0,Paddy,Very High
-9.90692,-14.64921,50.0,Paddy,Very High
-13.48555,-20.10587,50.0,Paddy,Very High
-14.04271,-19.5161,50.0,Paddy,Very High
-12.64351,-21.33518,50.0,Fallow,Very High
-11.07345,-17.89273,50.0,Paddy,Very High
-12.87642,-20.74323,50.0,Paddy,Very High
-6.82333,-16.20901,50.0,Paddy,Very High
-11.31522,-15.84673,38.9,Paddy,High
-6.14152,-17.384,50.0,Paddy,Very High
-11.68878,-13.91453,43.4,Jowar,Very High
-8.29516,-15.47847,50.0,Paddy,Very High
-10.7819,-19.28788,50.0,Paddy,Very High
-13.13772,-20.08251,50.0,Paddy,Very High
-16.96575,-21.34628,50.0,Fallow,Very High
-17.27041,-19.42139,50.0,Fallow,Very High
-8.05964,-16.01037,50.0,Fallow,Very High
-16.05697,-21.51727,50.0,Paddy,Very High
-8.15488,-18.29449,50.0,Paddy,Very High
-12.88873,-21.12575,50.0,Paddy,Very High
-13.56555,-20.2449,50.0,Paddy,Very High
-13.04687,-18.27802,50.0,Fallow,Very High
-8.50332,-15.65694,50.0,Paddy,Very High
-8.41803,-15.43912,43.7,Fallow,Very High
-10.00566,-16.41489,50.0,Fallow,Very High
-7.309,-14.17957,19.3,Kshan,Medium
-6.33322,-17.6409,23.1,Kshan,Medium
-9.58935,-13.73057,23.8,Fallow,Medium
-8.3461,-13.12251,25.2,Fallow,High
-8.21738,-12.56861,24.3333333333333,Fallow,High
-6.86609,-14.60348,26.7,Fallow,High
-6.02413,-13.26454,36.7,Fallow,High
-10.45769,-16.53224,29.0,Fallow,High
-6.12466,-14.20569,37.0,Jowar,High
-8.62571,-15.0882,31.6,Fallow,High
-8.56671,-15.51097,33.5,Fallow,High
-10.35874,-10.90153,32.3,Fallow,High
-10.86261,-17.07296,31.2,Fallow,High
-5.86578,-12.9668,41.9,Fallow,Very High
-10.08786,-13.93044,31.5666666666667,Fallow,High
-8.25635,-18.71127,27.6,Fallow,High
-7.98556,-17.91144,28.3,Fallow,High
-8.47568,-16.03512,50.0,Paddy,Very High
-6.38065,-14.61677,34.9,Fallow,High
-6.75783,-17.04476,27.6333333333333,Paddy,High
-8.97659,-15.62152,37.8,Fallow,High
-8.68369,-15.51584,32.6,Perl Millet,High
-10.83341,-20.98558,50.0,Paddy,Very High
-13.02923,-16.41008,29.2,Jowar,High
-11.38574,-18.39531,31.7333333333333,Perl Millet,High
-7.39612,-19.49279,37.7,Fallow,High
-5.66686,-14.14722,50.0,Paddy,Very High
-8.8775,-15.21464,39.1,Fallow,High
-9.44876,-15.68499,36.6,Fallow,High
-8.01311,-14.96839,37.5,Fallow,High
-11.44493,-14.73063,50.0,Paddy,Very High
-11.8559,-18.77247,50.0,Paddy,Very High
-9.06436,-16.29996,50.0,Paddy,Very High
-10.27836,-16.04705,50.0,Paddy,Very High
-8.51599,-20.99684,50.0,Paddy,Very High
-10.96273,-18.79009,50.0,Paddy,Very High
-12.03098,-17.67436,50.0,Fallow,Very High
-9.40011,-17.84343,31.1,Paddy,High
-10.59467,-17.05055,50.0,Paddy,Very High
-10.86994,-18.5496,39.7,Paddy,High
-10.83925,-18.9779,27.7,Fallow,High
-10.18749,-20.28508,31.0,Fallow,High
-10.3624,-16.83933,50.0,Paddy,Very High
-11.24673,-17.86069,50.0,Paddy,Very High
-12.67938,-16.12312,50.0,Paddy,Very High
-9.09611,-16.8896,36.3,Fallow,High
-7.3754,-17.26604,50.0,Fallow,Very High
-12.89968,-18.29554,35.1666666666667,Fallow,High
-10.53195,-18.60829,50.0,Paddy,Very High
-12.03672,-16.73884,36.1,Fallow,High
-10.63929,-16.29804,35.2,Fallow,High
-12.70363,-18.54269,40.9,Fallow,Very High
-10.34854,-18.27671,40.8666666666667,Fallow,Very High
-7.29373,-12.14712,38.9,Fallow,High
-6.18405,-16.34395,50.0,Paddy,Very High
-5.47001,-16.20899,50.0,Paddy,Very High
-4.38481,-14.81886,25.0,Lemon,High
-6.36916,-17.59889,50.0,Paddy,Very High
-4.58597,-16.34784,51.9,Paddy,Very High
-8.4368,-18.56791,50.0,Paddy,Very High
-7.55066,-15.89843,50.0,Paddy,Very High
-9.92803,-14.14654,50.0,Paddy,Very High
-6.27212,-18.32305,50.0,Paddy,Very High
-3.19903,-14.53877,50.0,Paddy,Very High
-6.1912,-15.74326,50.0,Paddy,Very High
-9.42683,-17.74835,50.0,Paddy,Very High
-6.85237,-14.40415,50.0,Paddy,Very High
-6.7946,-15.25469,50.0,Paddy,Very High
-7.82381,-18.21699,47.2,Paddy,Very High
-4.7548,-17.94712,50.0,Paddy,Very High
-11.70137,-16.59612,50.0,Paddy,Very High
-7.11744,-18.59997,37.8,Fallow,High
-11.65993,-18.40831,50.0,Paddy,Very High
-6.49692,-17.11342,44.1,Paddy,Very High
-6.09195,-17.99396,47.7,Paddy,Very High
-7.27144,-16.68757,46.9,Paddy,Very High
-8.5525,-17.10312,50.0,Paddy,Very High
-8.39989,-17.42946,50.0,Paddy,Very High
-9.96563,-14.62218,50.0,Paddy,Very High
-8.95811,-15.11142,50.0,Paddy,Very High
-9.31051,-14.73217,50.0,Paddy,Very High
-8.57977,-12.50566,50.0,Paddy,Very High
-8.41679,-13.83682,50.0,Paddy,Very High
-4.54688,-15.08678,50.0,Paddy,Very High
-11.72673,-17.33714,50.0,Paddy,Very High
-6.34147,-18.35529,50.0,Paddy,Very High
-8.96873,-18.02634,44.0,Paddy,Very High
-6.07186,-15.19654,46.1,Paddy,Very High
-7.72652,-18.17919,43.7,Jowar,Very High
-4.40809,-15.64045,50.0,Paddy,Very High
-12.03091,-16.1165,50.0,Paddy,Very High
-12.07203,-18.54006,50.0,Paddy,Very High
-6.93895,-17.66455,50.0,Paddy,Very High
-13.9828,-24.9935,50.0,Paddy,Very High
-12.28186,-13.79171,50.0,Paddy,Very High
-10.84241,-18.51539,50.0,Paddy,Very High
-13.30624,-17.67404,50.0,Paddy,Very High
-7.6572,-17.76231,50.0,Paddy,Very High
-8.01907,-18.70567,38.4,Fallow,High
-9.9391,-20.1757,50.0,Paddy,Very High
-6.64937,-14.96786,24.6,Fallow,High
-8.23447,-17.53228,17.9,Fallow,Medium
-7.0817,-15.82356,33.2,Fallow,High
-8.14,-12.49061,27.8,Fallow,High
-8.70077,-15.50631,28.3333333333333,Fallow,High
-7.50349,-14.51266,27.3,Jowar,High
-6.33829,-13.4996,31.3,Jowar,High
-7.46843,-12.3931,36.8,Jowar,High
-12.44615,-15.96233,38.9,Jowar,High
-7.35386,-14.12052,29.2666666666667,Jowar,High
-8.56139,-15.68347,36.5,Fallow,High
-4.48916,-16.62357,32.5,Fallow,High
-6.70969,-17.98182,42.0,Fallow,Very High
-7.98202,-16.25261,50.0,Paddy,Very High
-7.48484,-19.04729,36.3666666666667,Fallow,High
-4.76422,-12.6668,34.0,Jowar,High
-5.72056,-15.0184,26.3,Jowar,High
-7.72644,-17.10797,50.0,Paddy,Very High
-7.55017,-15.41769,34.1,Jowar,High
-5.43762,-14.48507,29.3333333333333,Jowar,High
-7.65977,-15.2958,40.8,Fallow,High
-8.54116,-16.96816,30.0,Perl Millet,High
-9.52052,-16.26146,50.0,Paddy,Very High
-10.25364,-13.55352,29.0,Fallow,High
-8.50553,-16.4293,32.6333333333333,Perl Millet,High
-5.44225,-14.39821,36.8,Fallow,High
-4.3588,-16.12111,50.0,Paddy,Very High
-6.14225,-16.39474,36.4,Fallow,High
-4.11842,-14.55967,38.5,Fallow,High
-5.1737,-14.60308,36.0,Fallow,High
-8.06514,-15.1054,46.9,Paddy,Very High
-7.68397,-18.48664,42.0,Paddy,Very High
-6.95712,-16.41238,48.5,Paddy,Very High
-6.57781,-13.33375,50.0,Paddy,Very High
-8.34875,-14.48604,38.8666666666667,Paddy,High
-8.98571,-14.66324,50.0,Paddy,Very High
-5.88914,-15.26398,44.6,Paddy,Very High
-8.6018,-16.29018,34.4,Fallow,High
-7.02499,-15.68814,32.2,Paddy,High
-8.57395,-14.50222,50.0,Paddy,Very High
-6.82182,-16.61835,50.0,Paddy,Very High
-8.69237,-19.28199,30.0,Fallow,High
-5.97735,-15.46773,50.0,Paddy,Very High
-4.20397,-14.73294,41.4,Paddy,Very High
-5.97702,-11.54259,24.7,Fallow,High
-4.27793,-12.46743,27.7,Fallow,High
-9.24373,-13.12367,50.0,Paddy,Very High
-5.32011,-16.12759,35.1,Paddy,High
-6.66367,-14.79861,40.7,Paddy,High
-7.88414,-15.73399,40.9,Paddy,Very High
-7.58686,-14.04316,42.0,Paddy,Very High
-7.49553,-13.07635,46.1,Paddy,Very High
-8.01217,-12.84601,46.4,Paddy,Very High
-6.05729,-16.02069,30.7,Fallow,High
-5.75495,-13.02981,50.0,Paddy,Very High
-6.81345,-14.52173,40.9,Fallow,Very High
-4.70898,-13.49072,50.0,Fallow,Very High
-4.99884,-13.33651,30.5,Fallow,High
-8.76236,-16.08855,46.9,Paddy,Very High
-8.06031,-15.74053,50.0,Paddy,Very High
-7.11428,-11.90641,18.1,Lemon,Medium
-8.73264,-15.6103,50.0,Paddy,Very High
-8.32358,-15.11733,34.4,Paddy,High
-5.27314,-15.93518,41.1,Paddy,Very High
-4.6602,-12.17197,43.0,Paddy,Very High
-8.35388,-15.54511,46.7,Paddy,Very High
-6.66882,-14.40144,41.1333333333333,Paddy,Very High
-4.35199,-11.88953,50.0,Paddy,Very High
-1.8608,-14.00908,50.0,Paddy,Very High
-4.47322,-14.55493,36.4,Paddy,High
-6.66511,-15.17774,24.6,Paddy,High
-4.99897,-13.89358,43.9666666666667,Paddy,Very High
-4.48987,-16.22099,47.9,Paddy,Very High
-5.83306,-13.3987,44.3,Paddy,Very High
-6.48017,-13.16828,52.5,Paddy,Very High
-5.55754,-15.08214,41.1,Fallow,Very High
-7.28152,-13.28189,37.3666666666667,Paddy,High
-4.08988,-14.32754,38.5,Paddy,High
-4.8644,-19.51873,33.8,Paddy,High
-5.32052,-12.68728,40.7,Paddy,High
-4.50244,-14.0559,37.9,Paddy,High
-5.62248,-12.87219,43.8,Paddy,Very High
-7.75879,-17.50017,48.1,Paddy,Very High
-8.62711,-16.22842,50.4,Paddy,Very High
-5.83336,-15.59575,34.0,Paddy,High
-7.10793,-15.47552,45.7,Paddy,Very High
-6.65469,-13.96096,48.1,Paddy,Very High
-5.06773,-13.6938,32.0,Paddy,High
-4.07858,-14.66934,32.0,Paddy,High
-6.50964,-13.4572,50.0,Paddy,Very High
-8.56189,-14.49474,40.4,Paddy,High
-6.54663,-14.60627,46.1,Paddy,Very High
-5.29002,-18.48192,41.4,Sorgham,Very High
-6.33641,-13.52044,50.0,Paddy,Very High
-8.10189,-17.94307,46.1,Paddy,Very High
-6.47336,-16.44584,46.6,Paddy,Very High
-5.83898,-15.54271,41.6,Paddy,Very High
-8.05631,-15.32829,50.0,Paddy,Very High
-6.26478,-16.16601,38.7666666666667,Paddy,High
-5.16772,-17.85686,32.0,Paddy,High
-4.63326,-17.51054,33.0,Paddy,High
-6.58812,-15.59142,35.0,Paddy,High
-8.07244,-13.98138,36.0,Paddy,High
-6.0819,-17.50151,12.6666666666667,Paddy,Medium
-5.2147,-16.84822,32.0,Paddy,High
-4.64057,-13.77984,33.0,Paddy,High
-7.45518,-15.36296,35.0,Paddy,High
-5.25265,-16.18699,36.0,Paddy,High
-7.85296,-12.8293,12.6666666666667,Paddy,Medium
-5.43428,-17.25871,32.0,Paddy,High
-5.47961,-17.69059,33.0,Paddy,High
-5.36748,-14.50275,35.0,Paddy,High
-5.93136,-16.04081,36.0,Paddy,High
-4.05484,-15.50216,12.6666666666667,Paddy,Medium
-4.29823,-17.39193,32.0,Paddy,High
-5.9704,-18.23486,33.0,Paddy,High
-7.15453,-15.02996,35.0,Paddy,High
-5.10828,-13.87133,36.0,Paddy,High
-5.83141,-16.57474,12.6666666666667,Paddy,Medium
-6.3091,-14.7848,50.0,Paddy,Very High
-9.13262,-14.72121,50.0,Paddy,Very High
-8.45834,-13.09418,50.0,Paddy,Very High
-5.25104,-15.03094,44.1,Fallow,Very High
-4.5851,-16.06787,50.0,Paddy,Very High
-10.71792,-13.33568,22.7,Fallow,Medium
-5.37054,-14.10747,15.6,Fallow,Medium
-8.74534,-15.00133,22.9,Perl Millet,Medium
-9.57462,-17.80553,16.5,Perl Millet,Medium
-9.09491,-15.77481,20.8333333333333,Perl Millet,Medium
-6.95776,-14.11567,19.0,Fodder,Medium
-6.27938,-14.12466,21.2,Fodder,Medium
-5.0082,-13.58419,25.4,Fodder,High
-7.77221,-12.65154,32.7,Fallow,High
-4.57311,-12.97232,23.7,Fodder,Medium
-9.98429,-13.89482,26.1,Fallow,High
-7.70979,-10.56117,19.9,Fallow,Medium
-4.21573,-12.36695,25.2,Fallow,High
-5.42929,-14.73629,44.1,Paddy,Very High
-5.82171,-11.99275,25.3333333333333,Fallow,High
-6.83583,-12.53825,32.7,Perl Millet,High
-6.62373,-13.16136,15.6,Perl Millet,Medium
-6.49366,-16.58032,48.6,Paddy,Very High
-5.71479,-15.29142,32.8,Perl Millet,High
-4.76671,-14.12548,37.3333333333333,Perl Millet,High
-6.12961,-15.56835,32.2,Fallow,High
-7.06738,-15.0869,35.3,Perl Millet,High
-4.94165,-14.08518,40.5,Paddy,High
-6.09963,-12.48138,26.2,Fallow,High
-5.24226,-15.49371,37.2333333333333,Perl Millet,High
-9.20043,-12.16521,29.8,Fallow,High
-6.027,-15.79688,50.0,Paddy,Very High
-8.80665,-11.36516,27.7,Fallow,High
-4.36921,-17.11619,25.4,Fallow,High
-5.25829,-13.97995,29.2666666666667,Fallow,High
-8.18872,-14.55643,39.0,Paddy,High
-5.30542,-12.30038,39.6,Paddy,High
-3.21495,-13.81128,45.3,Paddy,Very High
-6.95738,-16.2576,42.1,Paddy,Very High
-7.07188,-13.64715,38.5,Paddy,High
-4.02301,-17.24557,50.0,Paddy,Very High
-8.49218,-16.03073,50.0,Paddy,Very High
-5.05138,-15.49632,50.0,Paddy,Very High
-1.85849,-17.99376,50.0,Paddy,Very High
-2.11521,-16.72054,50.0,Paddy,Very High
-6.36912,-13.75119,33.2,Paddy,High
-5.19342,-15.52219,50.0,Fallow,Very High
-3.6856,-16.30875,21.1,Paddy,Medium
-8.95153,-15.54802,41.2,Paddy,Very High
-4.96792,-14.74616,40.7333333333333,Paddy,High
-7.1087,-14.12915,28.3,Fallow,High
-9.30291,-12.86556,50.0,Paddy,Very High
-8.75691,-15.40885,50.0,Paddy,Very High
-7.12508,-13.7808,21.3,Fallow,Medium
-8.59081,-14.06468,21.1,Fallow,Medium
-6.70794,-16.0276,44.3,Paddy,Very High
-7.30944,-14.52715,24.3,Paddy,High
-7.64711,-16.6676,27.6,Paddy,High
-4.90405,-14.00856,33.9,Paddy,High
-6.97647,-13.94084,33.0333333333333,Paddy,High
-7.06393,-14.37601,25.3,Paddy,High
-4.55831,-14.321,36.1,Paddy,High
-7.21936,-12.94086,28.8,Fallow,High
-4.74375,-14.61305,44.2,Paddy,Very High
-4.4083,-14.32181,36.6666666666667,Fallow,High
-5.90796,-12.52526,50.0,Fallow,Very High
-7.38713,-15.09099,24.4,Fallow,High
-6.2574,-12.05392,41.0,Paddy,Very High
-8.44134,-16.46069,25.3,Paddy,High
-2.85467,-17.00499,53.7,Orchad,Very High
-6.88868,-12.32378,49.3,Paddy,Very High
-3.97072,-16.29953,50.0,Paddy,Very High
-4.72315,-14.51099,50.0,Paddy,Very High
-6.20342,-14.23523,50.0,Paddy,Very High
-3.75298,-15.14806,50.0,Paddy,Very High
-5.38613,-17.08112,50.0,Paddy,Very High
-7.39166,-9.1063,50.0,Paddy,Very High
-5.273,-12.95383,50.0,Paddy,Very High
-5.28297,-14.08056,44.2,Paddy,Very High
-6.95083,-13.64403,39.8,Paddy,High
-7.09757,-14.043,37.8333333333333,Paddy,High
-8.20464,-16.64977,40.8,Paddy,High
-4.87058,-16.89353,43.7,Paddy,Very High
-4.55784,-16.67149,46.5,Paddy,Very High
-6.59729,-13.9734,20.8,Fallow,Medium
-6.60565,-16.34644,50.0,Paddy,Very High
-4.76756,-13.00728,50.0,Paddy,Very High
-6.36367,-15.02861,50.0,Paddy,Very High
-7.27669,-16.78046,50.0,Paddy,Very High
-3.74459,-15.64025,50.0,Paddy,Very High
-7.22014,-16.0361,50.0,Paddy,Very High
-6.95673,-15.10044,50.0,Paddy,Very High
-8.25937,-14.49804,50.0,Paddy,Very High
-7.20351,-12.98312,50.0,Paddy,Very High
-4.98963,-16.98427,50.0,Paddy,Very High
-6.0826,-14.58547,50.0,Paddy,Very High
-6.19544,-13.75025,50.0,Paddy,Very High
-10.42013,-18.08521,50.0,Paddy,Very High
-6.72844,-16.71515,50.0,Paddy,Very High
-6.49229,-16.83213,50.0,Paddy,Very High
-10.29932,-15.73432,50.0,Paddy,Very High
-9.37322,-13.50721,50.0,Paddy,Very High
-6.11948,-14.53983,50.0,Paddy,Very High
-6.07232,-16.53215,50.0,Paddy,Very High
-6.63722,-12.84217,50.0,Paddy,Very High
-5.9934,-13.82399,50.0,Paddy,Very High
-7.50381,-18.24995,50.0,Paddy,Very High
-5.88805,-14.23372,33.1,Paddy,High
-4.52708,-15.08702,50.0,Paddy,Very High
-7.98117,-18.49023,22.5,Fallow,Medium
-6.66725,-18.4706,50.0,Paddy,Very High
-6.41655,-16.98897,50.0,Paddy,Very High
-4.60409,-16.83565,50.0,Paddy,Very High
-5.1949,-14.37999,50.0,Paddy,Very High
-4.85469,-15.77813,40.4,Paddy,High
-5.05693,-16.71887,50.0,Paddy,Very High
-6.35198,-15.12945,50.0,Paddy,Very High
-4.52847,-14.65907,50.0,Paddy,Very High
-4.95791,-16.31956,42.7,Paddy,Very High
-4.80316,-14.81964,38.1,Fallow,High
-3.79642,-16.69548,50.0,Paddy,Very High
-8.03541,-12.67302,25.7,Fallow,High
-7.59181,-12.08597,24.4,Fallow,High
-8.10765,-12.8694,30.2,Perl Millet,High
-9.55976,-12.23526,32.3,Perl Millet,High
-9.57895,-11.0488,26.9333333333333,Perl Millet,High
-6.66593,-13.70446,25.7,Jowar,High
-5.73409,-11.53527,25.0,Jowar,High
-5.36592,-13.03373,37.7,Perl Millet,High
-6.55107,-12.55879,30.5,Fallow,High
-5.17544,-13.14677,29.8,Jowar,High
-7.81748,-12.70248,29.4,Jowar,High
-8.20132,-11.33044,32.2,Fallow,High
-6.81515,-14.83563,36.8,Fallow,High
-7.53377,-11.8508,41.1,Paddy,Very High
-7.23958,-12.56512,30.9666666666667,Fallow,High
-8.14768,-15.77665,36.1,Perl Millet,High
-8.23199,-13.13017,35.5,Perl Millet,High
-8.43148,-13.11874,50.0,Paddy,Very High
-6.11649,-16.90045,35.9,Perl Millet,High
-9.42138,-17.96617,34.4333333333333,Perl Millet,High
-5.36583,-13.46388,29.3,Fallow,High
-5.68236,-11.82191,35.7,Perl Millet,High
-7.58366,-15.71152,39.1,Paddy,High
-2.94859,-13.97028,28.1,Jowar,High
-1.43595,-13.23508,36.5,Perl Millet,High
-5.49269,-14.88128,26.0,Fallow,High
-4.19633,-13.65325,50.0,Paddy,Very High
-4.70233,-11.76186,23.8,Fallow,Medium
-4.99361,-9.55766,26.5,Fallow,High
-3.81434,-8.98321,32.9666666666667,Fallow,High
-10.1728,-14.82236,48.7,Paddy,Very High
-9.50731,-14.07459,43.5,Paddy,Very High
-8.31541,-14.23503,43.0,Paddy,Very High
-8.77887,-15.80917,43.9,Paddy,Very High
-8.26804,-16.34328,45.9333333333333,Paddy,Very High
-8.25896,-15.51185,50.0,Paddy,Very High
-4.07168,-13.62378,50.0,Paddy,Very High
-3.24645,-16.70486,50.0,Perl Millet,Very High
-6.0956,-14.8831,50.0,Perl Millet,Very High
-7.57461,-16.45597,50.0,Perl Millet,Very High
-10.36355,-15.29136,26.2,Paddy,High
-8.44209,-14.3791,13.4,Fallow,Medium
-5.87107,-15.78801,50.0,Paddy,Very High
-7.77546,-12.98961,37.5,Paddy,High
-7.12148,-10.30859,35.4333333333333,Paddy,High
-7.23443,-12.65618,24.5,Fallow,High
-7.72299,-13.91962,48.8,Paddy,Very High
-6.89739,-12.67178,43.7,Paddy,Very High
-4.56618,-11.84326,19.9,Fallow,Medium
-6.09577,-12.73796,26.8666666666667,Fallow,High
-7.69476,-15.0524,40.0,Paddy,High
-5.04545,-15.27458,29.1,Paddy,High
-5.76332,-16.14313,43.7,Paddy,Very High
-8.85327,-14.98321,30.3,Paddy,High
-7.76935,-16.99055,43.1,Paddy,Very High
-6.04081,-11.59471,47.4,Paddy,Very High
-7.12837,-14.80381,50.0,Paddy,Very High
-4.52744,-13.2964,28.7,Fallow,High
-8.73387,-13.20201,46.0,Paddy,Very High
-4.37301,-14.05658,28.8333333333333,Fallow,High
-9.67993,-17.06888,8.6,Fallow,Low
-6.8702,-16.07295,31.6,Paddy,High
-9.79337,-13.75319,13.7,Paddy,Medium
-7.31254,-14.62754,29.2,Lemon,High
-7.58662,-14.73556,8.93333333333333,Paddy,Low
-7.78498,-13.26301,37.4,Paddy,High
-9.07334,-14.50024,40.9,Paddy,Very High
-9.23549,-16.15772,24.7,Paddy,High
-9.41912,-14.03018,29.4,Paddy,High
-7.69788,-13.62584,38.3666666666667,Paddy,High
-4.22983,-14.17036,36.6,Paddy,High
-9.40017,-13.39128,35.2,Paddy,High
-5.8318,-15.231,35.9,Paddy,High
-6.41246,-11.81783,40.8,Paddy,High
-6.39611,-13.92856,44.3333333333333,Paddy,Very High
-7.62499,-17.3326,26.6,Paddy,High
-9.90959,-18.79653,21.3,Paddy,Medium
-10.23597,-17.30018,38.2,Paddy,High
-10.87947,-16.49611,19.7,Fallow,Medium
-10.36803,-18.50712,20.1333333333333,Paddy,Medium
-7.69793,-17.60595,30.6,Paddy,High
-8.81273,-17.85205,30.4,Paddy,High
-9.02416,-15.41681,24.8,Paddy,High
-6.71782,-17.32557,34.9,Paddy,High
-6.23676,-18.16079,33.0333333333333,Paddy,High
-7.473,-13.92515,30.3,Paddy,High
-5.13573,-15.53998,31.0,Paddy,High
-10.0797,-11.75667,22.4,Paddy,Medium
-8.12062,-14.28938,29.8,Paddy,High
-8.9432,-17.14628,24.5,Paddy,High
-7.58157,-12.42122,52.4,Paddy,Very High
-8.01205,-13.44829,50.0,Paddy,Very High
-5.95296,-15.15676,50.0,Paddy,Very High
-9.17134,-15.60565,50.0,Paddy,Very High
-10.9238,-14.99635,50.0,Paddy,Very High
-7.69929,-13.02082,50.0,Paddy,Very High
-9.1117,-16.77862,52.7,Paddy,Very High
-6.35071,-12.19522,27.9,Paddy,High
-9.28166,-17.65554,31.8,Paddy,High
-4.76673,-15.52828,28.2,Fallow,High
-7.87006,-15.14446,50.0,Paddy,Very High
-11.05152,-16.3981,14.1,Paddy,Medium
-10.92141,-17.05293,23.0,Paddy,Medium
-4.21314,-15.7392,44.4,Paddy,Very High
-6.47818,-13.12915,50.0,Paddy,Very High
-6.14736,-14.43242,39.0666666666667,Paddy,High
-3.62777,-13.21088,50.0,Paddy,Very High
-4.0697,-15.21458,50.0,Paddy,Very High
-6.7287,-14.78814,50.0,Paddy,Very High
-4.56948,-14.55198,50.0,Paddy,Very High
-4.80457,-13.92447,50.0,Paddy,Very High
-5.82408,-14.0258,50.2,Paddy,Very High
-5.21816,-15.5259,50.0,Paddy,Very High
-5.90603,-10.93259,34.2,Paddy,High
-6.46341,-18.11471,31.3,Fallow,High
-5.34019,-14.61141,50.0,Paddy,Very High
-9.47756,-12.58843,16.2,Fallow,Medium
-7.00555,-15.2191,12.9,Fallow,Medium
-6.14996,-14.44698,15.6,Perl Millet,Medium
-8.43812,-17.32951,12.7,Perl Millet,Medium
-10.12827,-18.05722,12.6,Perl Millet,Medium
-5.08836,-12.31809,8.8,Perl Millet,Low
-6.68482,-15.1893,8.8,Perl Millet,Low
-11.915,-16.77444,9.6,Fallow,Low
-11.91964,-16.85568,27.6,Perl Millet,High
-7.88292,-15.42486,6.76666666666667,Perl Millet,Low
-6.87637,-16.65811,8.8,Fallow,Low
-9.17609,-11.99697,8.4,Jowar,Low
-8.14816,-14.95836,8.0,Fallow,Low
-5.66477,-15.13717,28.3,Paddy,High
-8.43595,-16.21147,8.0,Fallow,Low
-8.72562,-14.55278,41.8,Paddy,Very High
-7.86327,-16.91076,31.0,Fallow,High
-6.91781,-15.05523,34.1,Fallow,High
-4.07846,-14.83412,41.6,Paddy,Very High
-8.59369,-14.49742,14.2,Jowar,Medium
-9.07801,-14.3956,37.2,Fallow,High
-12.36725,-16.46464,13.8,Fallow,Medium
-9.49287,-19.4676,26.1,Paddy,High
-10.57321,-19.14912,11.9,Fallow,Medium
-7.49887,-15.38953,14.9,Fallow,Medium
-9.96286,-16.12926,13.8333333333333,Fallow,Medium
-8.98184,-16.02619,25.6,Paddy,High
-10.29964,-15.98919,21.7,Paddy,Medium
-8.37857,-16.84818,29.9,Paddy,High
-9.08714,-16.61518,40.2,Paddy,High
-8.37454,-13.84557,35.9666666666667,Paddy,High
-7.08157,-15.75737,14.0,Paddy,Medium
-8.60075,-15.75984,16.0,Fallow,Medium
-6.13209,-13.5268,31.0,Paddy,High
-10.67223,-15.55887,36.4,Paddy,High
-9.86522,-15.08194,50.0,Paddy,Very High
-6.04073,-12.52337,11.4,Fallow,Medium
-8.28367,-13.97348,38.6,Paddy,High
-11.33464,-17.242,50.0,Paddy,Very High
-10.73824,-16.65344,8.5,Fallow,Low
-8.06631,-14.8909,10.1666666666667,Fallow,Medium
-6.80049,-13.25469,48.1,Paddy,Very High
-5.82878,-14.65034,21.5,Paddy,Medium
-9.37152,-15.99012,20.7,Paddy,Medium
-10.00388,-11.25435,19.3,Paddy,Medium
-9.00572,-14.08299,20.1,Paddy,Medium
-10.23989,-12.9441,41.8,Paddy,Very High
-8.30494,-16.09564,43.4,Paddy,Very High
-6.76528,-14.11871,30.6,Paddy,High
-6.64412,-13.80327,16.6,Paddy,Medium
-7.14885,-12.24361,18.6,Paddy,Medium
-7.2251,-15.31476,15.4,Fallow,Medium
-7.12465,-15.65603,11.0,Paddy,Medium
-9.24639,-15.80069,13.1,Paddy,Medium
-8.71673,-17.20822,20.8,Lemon,Medium
-7.06178,-17.07947,12.2,Paddy,Medium
-7.43414,-14.51735,17.9,Paddy,Medium
-7.12501,-16.43618,10.7,Paddy,Medium
-7.91534,-17.33915,23.6,Paddy,Medium
-9.74557,-14.95861,27.0,Paddy,High
-7.58933,-15.34737,21.1666666666667,Paddy,Medium
-7.60925,-13.21455,21.2,Paddy,Medium
-4.60224,-16.31329,19.9,Paddy,Medium
-7.84144,-15.75865,16.2,Paddy,Medium
-8.24454,-13.49637,18.3,Paddy,Medium
-6.73637,-15.9156,18.4,Paddy,Medium
-8.51199,-12.73815,40.2,Paddy,High
-5.5378,-15.22541,21.2,Paddy,Medium
-13.24095,-17.84823,50.0,Paddy,Very High
-9.87248,-13.04388,21.8,Fallow,Medium
-9.73063,-15.76775,50.0,Paddy,Very High
-8.20933,-15.29454,20.4,Paddy,Medium
-8.41655,-15.6332,25.6,Paddy,High
-6.41996,-15.99634,36.7,Paddy,High
-6.15002,-17.00401,19.6,Paddy,Medium
-7.99491,-15.89964,26.3666666666667,Paddy,High
-8.20146,-12.45911,26.0,Paddy,High
-6.83616,-13.64874,28.5,Paddy,High
-6.95836,-12.55582,18.8,Paddy,Medium
-6.25622,-14.0647,30.2,Paddy,High
-8.49191,-13.48937,22.1333333333333,Paddy,Medium
-7.24857,-16.74232,50.0,Paddy,Very High
-8.53103,-16.33715,50.0,Paddy,Very High
-8.19666,-14.87923,31.2,Paddy,High
-7.93737,-13.68591,35.2,Paddy,High
-7.63989,-13.77787,34.0,Paddy,High
-9.44499,-14.23499,45.5,Fallow,Very High
-8.64383,-14.54826,40.4666666666667,Paddy,High
-7.67486,-15.75328,20.9,Paddy,Medium
-9.9049,-16.3609,22.0,Paddy,Medium
-8.84512,-14.79299,32.6,Paddy,High
-6.03389,-14.73619,32.2,Paddy,High
-5.68191,-14.90392,33.6666666666667,Paddy,High
-7.48392,-16.85425,20.9,Paddy,Medium
-9.7351,-13.27157,41.4,Paddy,Very High
-7.61772,-15.61088,18.8,Fallow,Medium
-8.64384,-17.00718,15.7,Fallow,Medium
-9.30894,-11.26946,28.7333333333333,Paddy,High
-6.30962,-12.52007,14.6,Fallow,Medium
-8.87362,-14.19927,13.0,Fallow,Medium
-4.45889,-17.19832,12.7,Fallow,Medium
-8.40071,-15.40947,10.9,Fallow,Medium
-9.1015,-18.86874,11.5666666666667,Fallow,Medium
-7.46604,-15.82094,10.3,Perl Millet,Medium
-9.71529,-14.22727,14.0,Perl Millet,Medium
-9.29936,-19.79051,8.5,Fallow,Low
-8.05099,-18.98089,30.2,Fallow,High
-8.33263,-16.0843,12.4,Perl Millet,Medium
-8.21032,-13.62383,14.6,Fallow,Medium
-9.57109,-16.05677,11.5,Fallow,Medium
-9.71196,-17.21481,16.0,Fallow,Medium
-8.93207,-17.06045,26.5,Paddy,High
-9.18264,-16.77452,17.7,Fallow,Medium
-6.90067,-13.92013,16.6,Perl Millet,Medium
-7.5311,-14.50716,13.3,Perl Millet,Medium
-9.65503,-11.20537,23.8,Paddy,Medium
-4.11814,-13.13486,17.6,Perl Millet,Medium
-5.96607,-13.69468,17.3333333333333,Perl Millet,Medium
-8.15871,-13.85074,30.3,Fallow,High
-8.2963,-13.21562,25.0,Fallow,High
-7.43818,-13.2136,30.4,Paddy,High
-7.15401,-17.84544,9.3,Fallow,Low
-7.52601,-14.1695,26.0666666666667,Fallow,High
-9.98098,-13.25767,11.6,Fallow,Medium
-13.7665,-19.1326,7.3,Fallow,Low
-8.87266,-17.74279,6.8,Fallow,Low
-8.47054,-17.15322,25.5,Fallow,High
-9.31764,-17.49725,6.6,Fallow,Low
-7.1832,-16.18557,19.0,Fallow,Medium
-5.32603,-13.44815,19.5,Fallow,Medium
-9.00566,-16.14215,19.6,Fallow,Medium
-12.60974,-18.71686,23.7,Fallow,Medium
-8.42947,-17.05728,18.8666666666667,Fallow,Medium
-6.69392,-13.59474,16.1,Paddy,Medium
-7.71952,-12.80422,13.9,Paddy,Medium
-9.87678,-13.32553,14.7,Paddy,Medium
-7.00305,-12.89361,15.0,Paddy,Medium
-8.26711,-14.99384,14.2,Paddy,Medium
-9.67182,-18.03304,8.4,Fallow,Low
-9.18882,-13.76375,7.5,Fallow,Low
-9.6165,-12.57734,11.3,Fallow,Medium
-9.92915,-13.20957,12.5,Fallow,Medium
-7.58066,-15.19447,29.0,Fallow,High
-11.00889,-15.48443,12.6,Fallow,Medium
-8.03133,-18.86819,20.3,Fallow,Medium
-9.89441,-17.8276,45.5,Paddy,Very High
-7.45865,-17.6693,11.6,Fallow,Medium
-9.69651,-16.37356,10.3333333333333,Fallow,Medium
-9.78835,-12.52098,16.0,Paddy,Medium
-9.1865,-14.86157,14.1,Fallow,Medium
-5.86429,-14.71178,22.4,Paddy,Medium
-6.89559,-14.96993,24.0,Paddy,Medium
-8.79231,-13.86891,23.3,Paddy,Medium
-6.77242,-15.89802,12.9,Paddy,Medium
-7.6008,-13.91302,10.5,Paddy,Medium
-6.70097,-15.06266,12.6,Fallow,Medium
-8.81502,-16.6733,10.0,Fallow,Medium
-8.46241,-15.24373,13.5333333333333,Fallow,Medium
-9.47301,-15.62018,25.0,Paddy,High
-10.09941,-15.9901,14.7,Fallow,Medium
-6.97591,-15.35068,13.4,Fallow,Medium
-6.176,-15.46252,13.5,Fallow,Medium
-8.35863,-13.63467,11.4,Fallow,Medium
-8.83241,-19.55807,6.0,Mustard,Low
-5.13958,-16.36991,16.6,Fallow,Medium
-8.56951,-13.325,14.5,Chickori,Medium
-11.509,-15.19455,6.6,Lemon,Low
-6.60937,-17.27067,11.0333333333333,Chickori,Medium
-6.62317,-13.87265,25.0,Fallow,High
-5.19865,-17.90241,27.0,Fallow,High
-7.18239,-12.1853,22.0,Fallow,Medium
-7.41473,-15.43798,23.5,Fallow,Medium
-6.30716,-16.49157,25.6333333333333,Fallow,High
-6.52005,-13.72523,34.6,Fallow,High
-6.75503,-14.3575,35.2,Fallow,High
-8.09776,-17.20153,24.2,Fallow,High
-4.70542,-16.31835,28.6,Fallow,High
-7.16274,-16.80871,28.8,Fallow,High
-9.70575,-13.39709,4.4,Fallow,Low
-12.10264,-20.83667,3.7,Fallow,Low
-8.26031,-22.69616,50.0,Fallow,Very High
-9.73309,-14.25711,26.5,Jowar,High
-11.50146,-20.70678,6.23333333333333,Fallow,Low
-10.25796,-20.78176,4.3,Fallow,Low
-8.90284,-19.35423,5.2,Fallow,Low
-10.5962,-17.92551,4.7,Fallow,Low
-10.28129,-14.25219,5.2,Fallow,Low
-10.04473,-16.17187,4.26666666666667,Fallow,Low
-9.74362,-16.82279,50.0,Fallow,Very High
-3.1851,-18.2523,50.0,Fallow,Very High
-5.05385,-15.13859,11.2,Fallow,Medium
-7.63593,-15.30688,10.3,Fallow,Medium
-6.08771,-14.00539,50.0,Fallow,Very High
-7.59099,-15.52804,7.3,Fallow,Low
-10.05792,-18.50305,4.7,Fallow,Low
-8.38727,-16.90486,25.4,Fallow,High
-11.48194,-18.50171,3.6,Fallow,Low
-9.03836,-17.29538,10.0666666666667,Fallow,Medium
-9.09719,-12.18676,9.3,Fallow,Low
-6.00904,-11.05739,44.0,Fallow,Very High
-9.85114,-18.12127,10.4,Fallow,Medium
-8.74295,-16.39317,9.5,Fallow,Low
-11.07446,-14.81323,50.0,Fallow,Very High
-10.25558,-18.72159,4.5,Fallow,Low
-9.82656,-14.9431,8.8,Fallow,Low
-7.51584,-14.78874,50.0,Fallow,Very High
-10.43341,-14.37689,48.9,Fallow,Very High
-10.62792,-15.1352,9.83333333333333,Fallow,Medium
-8.84662,-18.34139,27.9,Fallow,High
-5.547,-16.97857,36.2,Fallow,High
-4.60667,-10.79208,35.7,Fallow,High
-5.81126,-11.4304,36.4,Fallow,High
-4.25993,-12.1033,38.8,Fallow,High
-6.28481,-16.27217,50.0,Fallow,Very High
-5.56287,-16.2288,50.0,Fallow,Very High
-7.59822,-15.23602,50.0,Fallow,Very High
-6.11102,-12.91473,50.0,Fallow,Very High
-6.90279,-15.78935,50.0,Fallow,Very High
-10.97415,-18.06414,13.2,Fallow,Medium
-6.71266,-12.74051,6.4,Fallow,Low
-11.50967,-16.98491,31.7,Tobacco,High
-9.93901,-14.5421,19.6,Fallow,Medium
-10.65519,-15.18023,10.6666666666667,Fallow,Medium
-8.73401,-19.0875,22.6,Fallow,Medium
-8.5496,-16.36282,7.3,Fallow,Low
-4.48589,-15.72366,45.5,Fallow,Very High
-7.91211,-15.32489,12.6,Fallow,Medium
-9.0115,-18.8411,50.0,Fallow,Very High
-8.79524,-18.00043,19.3,Fallow,Medium
-11.25941,-20.7269,17.2,Fallow,Medium
-12.80775,-15.91396,11.2,Fallow,Medium
-11.7715,-15.49669,14.5,Fallow,Medium
-14.11637,-15.00172,18.5666666666667,Fallow,Medium
-8.76364,-20.31315,4.9,Fallow,Low
-7.27406,-19.71082,6.0,Fallow,Low
-8.88953,-20.07001,6.7,Fallow,Low
-8.80985,-14.23473,2.4,Fallow,Low
-9.58779,-15.95406,16.2,Fallow,Medium
-9.55435,-16.90254,7.5,Tobacco&Chikori,Low
-8.2195,-20.55171,5.4,Tobacco&Chikori,Low
-13.17683,-17.82726,13.5,Fallow,Medium
-9.48689,-17.93043,12.2,Fallow,Medium
-11.87834,-17.03746,14.0,Fallow,Medium
-9.08814,-19.58943,2.5,Fallow,Low
-10.50558,-14.94108,2.3,Fallow,Low
-9.96143,-17.63374,6.4,Fallow,Low
-8.48617,-15.85643,38.8,Chickori,High
-8.61249,-17.33305,2.13333333333333,Fallow,Low
-11.22089,-14.34349,1.2,Fallow,Low
-8.38857,-17.5427,8.8,Chickori,Low
-3.38915,-15.48436,8.9,Chickori,Low
-9.26836,-18.11013,24.1,Fallow,Medium
-3.07449,-16.79861,9.26666666666667,Fallow,Low
-5.55774,-17.40624,2.1,Fallow,Low
-10.99969,-18.66422,1.4,Fallow,Low
-7.83008,-20.46705,21.9,Fallow,Medium
-8.94983,-16.61918,2.3,Fallow,Low
-7.98047,-17.05651,20.3666666666667,Fallow,Medium
-7.95838,-13.9233,24.0,Fodder&Jowar,Medium
-6.43373,-16.82384,11.0,Tobacco,Medium
-10.70448,-17.57721,11.5,Tobacco,Medium
-9.18284,-17.43577,34.3,Fallow,High
-7.3383,-16.16442,11.2,Tobacco,Medium
-9.30088,-16.1324,11.4,Tobacco,Medium
-11.05178,-16.86996,37.0,Fallow,High
-8.45938,-18.95792,12.6,Tobacco,Medium
-8.7945,-17.23768,10.2,Tobacco,Medium
-6.65707,-18.97401,9.8,Tobacco,Low
-8.25676,-18.40174,36.6,Tobacco,High
-7.04517,-16.6443,30.9,Tobacco,High
-4.40336,-15.24683,27.1,Tobacco,High
-10.16801,-18.55963,22.7,Mustard,Medium
-3.73192,-17.97693,31.5666666666667,Tobacco,High
-8.70563,-18.29034,11.1,Tobacco,Medium
-9.0146,-14.65495,10.7,Tobacco,Medium
-6.72818,-16.01029,10.5,Tobacco,Medium
-11.73583,-17.92443,9.0,Tobacco,Low
-11.23729,-18.85378,9.3,Tobacco,Low
-7.49536,-14.72904,11.3,Tobacco,Medium
-8.04454,-13.91522,21.5,Tobacco,Medium
-8.56925,-15.41372,25.1,Tobacco,High
-9.76795,-18.44851,17.4,Tobacco,Medium
-6.57851,-13.85697,32.0666666666667,Fallow,High
-8.70472,-20.81596,36.8,Fallow,High
-8.11419,-14.42772,39.0,Fallow,High
-11.08406,-19.12764,50.0,Fallow,Very High
-5.86731,-15.29115,9.4,Fallow,Low
-6.03947,-15.36209,35.6666666666667,Fallow,High
-5.17759,-12.66822,25.1,Fallow,High
-7.4351,-15.94924,15.0,Fallow,Medium
-8.12506,-16.86434,13.3,Fallow,Medium
-8.81952,-15.88563,14.2,Fallow,Medium
-7.89393,-12.7493,14.3333333333333,Fallow,Medium
-4.23258,-17.76399,43.5,Fallow,Very High
-7.09405,-17.94833,44.2,Fallow,Very High
-9.12453,-18.7345,14.5,Tobacco,Medium
-6.37891,-17.56174,26.4,Tobacco,High
-7.72919,-19.17009,16.0,Tobacco,Medium
-5.02662,-14.46858,46.4,Fallow,Very High
-12.62717,-20.14777,2.5,Fallow,Low
-7.57804,-19.14762,37.2,Tobacco,High
-6.77106,-13.07721,38.3,Tobacco,High
-6.65133,-12.07113,36.5666666666667,Tobacco,High
-5.82287,-14.30649,8.5,Mustard,Low
-6.14798,-13.27,35.9,Chickori,High
-6.14368,-12.36393,25.1,Chickori,High
-8.14496,-11.83545,12.6,Lemon,Medium
-9.10682,-11.61773,23.6333333333333,Chickori,Medium
-4.55952,-17.20658,36.3,Wheat,High
-2.34621,-13.53474,32.6,Wheat,High
-2.52711,-13.32216,30.6,Wheat,High
-9.45965,-17.13696,29.8,Wheat,High
-3.66157,-16.58692,36.7,Wheat,High
-8.98383,-14.1861,53.6,Wheat,Very High
-3.95837,-14.78166,44.9,Wheat,Very High
-8.66889,-16.98748,35.1,Wheat,High
-7.2024,-14.45343,9.6,Wheat,Low
-7.18908,-15.74454,43.7666666666667,Wheat,Very High
-9.04196,-19.53871,14.0,Fallow,Medium
-9.02207,-18.78126,8.2,Fallow,Low
-8.68461,-20.34576,18.1,Fallow,Medium
-7.76322,-17.16619,26.0,Fallow,High
-8.30756,-19.54926,18.1666666666667,Fallow,Medium
-10.39864,-18.52873,7.8,Wheat,Low
-8.30769,-20.03726,5.0,Wheat,Low
-10.88074,-20.20384,7.0,Wheat,Low
-8.54609,-17.67388,11.1,Wheat,Medium
-9.86155,-18.97485,11.2333333333333,Wheat,Medium
-8.45783,-18.66297,16.9,Wheat,Medium
-7.44074,-17.66072,15.7,Wheat,Medium
-3.17928,-12.04631,39.5,Wheat,High
-8.92292,-17.19782,33.1,Wheat,High
-3.3637,-16.63148,12.1666666666667,Wheat,Medium
-8.32823,-16.05168,9.6,Fallow,Low
-11.32349,-18.20643,11.2,Fallow,Medium
-7.62567,-17.34078,12.4,Fallow,Medium
-10.68391,-17.26859,11.6,Fallow,Medium
-11.2771,-16.98557,12.5333333333333,Fallow,Medium
-8.87441,-15.65316,25.6,Wheat,High
-10.18181,-15.08642,13.2,Wheat,Medium
-8.99715,-16.67062,13.7,Wheat,Medium
-11.37043,-17.57137,26.2,Wheat,High
-10.18138,-18.85185,11.8666666666667,Wheat,Medium
-10.04811,-17.66765,9.1,Wheat,Low
-12.76397,-20.60842,9.3,Wheat,Low
-8.32994,-14.59947,20.4,Wheat,Medium
-8.35911,-17.57266,7.3,Wheat,Low
-8.62677,-19.98844,8.13333333333333,Wheat,Low
-8.6528,-16.9546,40.5,Wheat,High
-8.50529,-18.77127,37.1,Wheat,High
-6.74197,-13.28752,13.0,Wheat,Medium
-7.04878,-17.73615,50.0,Wheat,Very High
-6.65919,-18.81659,50.0,Wheat,Very High
-11.03164,-16.73789,7.8,Wheat,Low
-9.75986,-16.75259,14.7,Wheat,Medium
-9.91761,-13.2964,18.6,Wheat,Medium
-8.11792,-17.44525,6.83333333333333,Wheat,Low
-11.96973,-18.86651,15.8,Wheat,Medium
-9.43068,-19.28555,3.9,Wheat,Low
-9.2437,-20.32572,52.3,Wheat,Very High
-8.37899,-17.33404,8.5,Wheat,Low
-11.00234,-21.69222,6.93333333333333,Wheat,Low
-10.71196,-18.55943,20.2,Wheat,Medium
-8.58503,-15.97542,19.5,Wheat,Medium
-7.33312,-17.13726,21.2,Wheat,Medium
-10.12769,-17.85755,19.5,Wheat,Medium
-9.57604,-18.05649,16.7,Wheat,Medium
-10.40841,-18.83615,23.7,Fallow,Medium
-7.6015,-16.73129,29.9,Fallow,High
-9.54269,-18.71165,10.1,Wheat,Medium
-11.22672,-16.60944,7.2,Fallow,Low
-7.44649,-19.66825,18.5,Paddy,Medium
-5.17099,-16.47101,7.7,Tobacco&Chikori,Low
-5.42169,-16.17289,6.9,Tobacco&Chikori,Low
-7.27901,-14.78569,11.5,Wheat,Medium
-5.82358,-17.28635,10.2,Wheat,Medium
-5.94014,-17.03551,10.3333333333333,Wheat,Medium
-8.09138,-15.33416,12.1,Wheat,Medium
-9.30395,-13.5906,6.1,Wheat,Low
-8.88121,-14.0498,6.0,Chickori,Low
-7.66555,-16.9779,15.3,Chickori,Medium
-9.28207,-14.20265,11.2333333333333,Wheat,Medium
-9.00961,-13.81625,25.3,Wheat,High
-6.72179,-14.65188,10.5,Chickori,Medium
-10.30163,-12.94827,12.2,Chickori,Medium
-8.94438,-14.91492,6.7,Wheat,Low
-8.0846,-15.9685,11.7,Chickori,Medium
-9.87958,-14.92961,10.7,Wheat,Medium
-7.51018,-14.77722,8.3,Wheat,Low
-3.04955,-17.53536,9.2,Wheat,Low
-6.76346,-16.86202,8.9,Wheat,Low
-8.08444,-15.23617,11.2333333333333,Wheat,Medium
-3.9578,-16.85563,37.1,Mustard,High
-3.7621,-15.69931,34.4,Tobacco,High
-4.88965,-14.13435,32.7,Tobacco,High
-7.5189,-16.48574,8.7,Wheat,Low
-4.8656,-15.03496,28.2333333333333,Tobacco,High
-6.20353,-12.56848,32.1,Tobacco,High
-1.47667,-13.4481,41.9,Tobacco,Very High
-2.20823,-11.20654,32.0,Wheat,High
-6.85599,-14.37831,47.6,Wheat,Very High
-4.37881,-9.72225,40.4666666666667,Tobacco,High
-7.44397,-12.77596,30.7,Tobacco,High
-6.76479,-9.62953,22.7,Tobacco,Medium
-4.92247,-10.48882,5.1,Tobacco,Low
-7.52135,-12.19858,29.1,Wheat,High
-6.00221,-8.74963,31.2666666666667,Tobacco,High
-8.49918,-18.13265,28.2,Tobacco,High
-8.68105,-16.87605,27.2,Tobacco,High
-7.91104,-17.08327,24.2,Tobacco,High
-6.85016,-15.94232,25.8,Tobacco,High
-8.52219,-17.0353,27.1,Tobacco,High
-5.03235,-12.65974,27.1,Fallow,High
-5.83819,-12.18478,14.4,Fallow,Medium
-8.13412,-15.85764,14.9,Paddy,Medium
-6.17162,-14.25899,23.4,Paddy,Medium
-5.9062,-14.32408,10.7,Paddy,Medium
-4.56745,-15.46478,24.2,Tobacco,High
-4.44125,-15.77796,14.0,Tobacco,Medium
-7.47873,-16.48955,12.0,Tobacco,Medium
-4.05496,-14.40413,22.4,Tobacco,Medium
-2.87035,-13.34937,22.7666666666667,Wheat,Medium
-7.80769,-12.01392,24.1,Wheat,Medium
-5.95766,-11.39466,17.7,Bhaji,Medium
-4.76641,-13.71766,26.7,Wheat,High
-9.32319,-15.49116,32.1,Wheat,High
-4.46969,-13.02304,22.4666666666667,Wheat,Medium
-5.71519,-15.53722,6.3,Wheat,Low
-6.66482,-12.82327,7.0,Wheat,Low
-7.36052,-16.96437,14.8,Tobacco,Medium
-8.00362,-16.35576,24.7,Tobacco,High
-8.11173,-18.68297,20.3,Tobacco,Medium
-1.48334,-12.39327,35.7,Wheat,High
-9.05426,-14.31592,8.9,Wheat,Low
-3.98465,-14.83982,45.4,Tobacco,Very High
-0.94524,-9.1816,34.0,Tobacco,High
-3.04179,-8.9284,29.9,Tobacco,High
-7.3001,-13.66706,17.8,Mustard,Medium
-8.37866,-10.59103,8.7,Chickori,Low
-7.45312,-13.15587,34.6,Chickori,High
-6.49392,-13.07652,8.5,Lemon,Low
-8.3134,-11.5365,30.3666666666667,Chickori,High
-4.32821,-14.49095,21.2,Wheat,Medium
-7.52273,-14.88572,11.6,Wheat,Medium
-7.78598,-20.30491,50.0,Wheat,Very High
-7.60702,-15.36169,50.0,Wheat,Very High
-6.08713,-15.68212,8.13333333333333,Wheat,Low
-7.88148,-13.81355,12.7,Wheat,Medium
-7.73784,-13.84932,14.9,Wheat,Medium
-10.91621,-17.0743,14.2,Wheat,Medium
-7.16871,-15.72833,13.5,Wheat,Medium
-8.81235,-15.69372,11.6666666666667,Wheat,Medium
-4.40472,-13.94099,14.0,Wheat,Medium
-3.77516,-15.53201,45.6,Wheat,Very High
-7.32164,-13.27447,12.8,Wheat,Medium
-8.54905,-13.8751,9.4,Wheat,Low
-4.18625,-15.5266,50.0,Wheat,Very High
-7.94158,-15.92086,25.4,Wheat,High
-8.51379,-16.18291,22.7,Wheat,Medium
-8.64175,-18.4878,20.4,Wheat,Medium
-9.86724,-14.85909,25.6,Wheat,High
-9.76508,-18.36535,33.9333333333333,Wheat,High
-9.54951,-18.55247,32.6,Wheat,High
-11.00788,-18.84857,27.5,Wheat,High
-10.35976,-18.80139,16.0,Wheat,Medium
-9.92564,-15.57134,20.2,Wheat,Medium
-11.08897,-18.1151,18.6,Wheat,Medium
-8.80419,-17.8039,2.7,Fallow,Low
-9.47249,-17.39054,50.0,Fallow,Very High
-10.96949,-16.11387,6.2,Fallow,Low
-10.69305,-18.52724,2.8,Fallow,Low
-13.17138,-20.58784,2.93333333333333,Fallow,Low
-6.42053,-15.69267,29.0,Wheat,High
-5.72084,-15.03277,14.8,Wheat,Medium
-9.63449,-15.34059,5.9,Wheat,Low
-8.75454,-12.23171,12.3,Wheat,Medium
-9.20049,-13.18561,24.1666666666667,Wheat,High
-3.55157,-15.54753,19.3,Wheat,Medium
-5.18217,-18.32544,21.3,Wheat,Medium
-8.31015,-17.52199,21.0,Wheat,Medium
-8.29513,-15.64069,33.7,Wheat,High
-5.49602,-15.33855,24.7,Wheat,High
-10.11804,-17.96061,13.3,Wheat,Medium
-8.43611,-16.42689,11.4,Wheat,Medium
-13.18916,-17.65422,24.1,Wheat,Medium
-11.23265,-17.94706,19.0,Wheat,Medium
-10.21575,-17.06681,13.6333333333333,Wheat,Medium
-8.39747,-11.819,50.0,Wheat,Very High
-10.65584,-12.90645,50.0,Wheat,Very High
-9.21785,-18.21157,50.0,Wheat,Very High
-6.9783,-14.71115,50.0,Wheat,Very High
-8.36145,-16.16408,50.0,Wheat,Very High
-6.57267,-11.47128,39.5,Wheat,High
-5.79389,-14.3113,21.2,Wheat,Medium
-5.54355,-14.25265,39.1,Wheat,High
-7.37492,-12.72306,30.8,Wheat,High
-7.40022,-13.56579,32.8666666666667,Wheat,High
-8.6506,-17.04237,27.6,Wheat,High
-5.80551,-17.42352,28.6,Wheat,High
-6.1408,-12.69163,29.2,Wheat,High
-5.04715,-14.01784,33.3,Wheat,High
-7.32163,-16.91498,29.4,Wheat,High
-8.5911,-17.90714,18.8,Wheat,Medium
-10.78764,-14.74707,14.2,Wheat,Medium
-11.16746,-15.55351,18.1,Wheat,Medium
-9.72578,-16.83334,3.3,Fallow,Low
-9.73057,-17.17111,11.1,Wheat,Medium
-6.28885,-17.21641,6.1,Tobacco&Chikori,Low
-8.35145,-15.18081,5.8,Tobacco&Chikori,Low
-8.6208,-13.40548,6.0,Chickori,Low
-5.83054,-17.13174,7.8,Chickori,Low
-7.74055,-14.3259,7.1,Chickori,Low
-6.78882,-12.61279,29.4,Wheat,High
-10.62952,-16.84785,30.3,Chickori,High
-7.17416,-13.63429,13.8,Chickori,Medium
-7.24806,-13.65166,32.4,Wheat,High
-7.34781,-13.4704,36.6666666666667,Wheat,High
-9.53741,-15.07966,13.3,Wheat,Medium
-5.55788,-13.21036,29.4,Wheat,High
-6.48425,-11.36329,25.6,Chickori,High
-7.36028,-14.14141,22.4,Chickori,Medium
-4.34274,-12.8636,35.0,Chickori,High
-8.46724,-16.71693,15.9,Wheat,Medium
-8.53314,-14.95846,11.8,Wheat,Medium
-7.87819,-15.52704,15.2,Weed&Chickori,Medium
-11.05548,-14.97895,22.0,Wheat,Medium
-9.4353,-16.84435,14.4333333333333,Wheat,Medium
-8.56909,-15.85531,37.1,Mustard,High
-5.35712,-16.60454,34.4,Tobacco,High
-6.33886,-15.99356,32.7,Tobacco,High
-5.40295,-14.6491,8.7,Wheat,Low
-7.3334,-14.73441,28.2333333333333,Tobacco,High
-8.64124,-11.71709,17.5,Tobacco,Medium
-7.14701,-12.8386,15.8,Wheat,Medium
-7.01369,-11.2785,21.6,Wheat,Medium
-5.76414,-13.45989,21.7,Wheat,Medium
-4.69079,-10.59698,23.4666666666667,Wheat,Medium
-5.54867,-10.53479,20.2,Tobacco,Medium
-7.14681,-12.9762,13.5,Tobacco,Medium
-2.92725,-9.33254,18.5,Tobacco,Medium
-8.91515,-11.84184,16.3,Wheat,Medium
-4.78335,-8.61146,17.9333333333333,Tobacco,Medium
-8.80126,-14.36789,23.5,Tobacco,Medium
-8.01169,-16.48898,15.0,Tobacco,Medium
-7.23346,-16.94551,19.5,Tobacco,Medium
-6.05,-13.2755,20.6,Tobacco,Medium
-7.49222,-14.02282,15.0,Tobacco,Medium
-6.17266,-11.34971,21.8,Tobacco,Medium
-5.03815,-12.56878,42.5,Tobacco,Very High
-4.26509,-14.56684,18.7,Tobacco,Medium
-3.8687,-14.85987,8.8,Fallow,Low
-7.22434,-16.412,18.5,Wheat,Medium
-2.15901,-10.49341,50.0,Wheat,Very High
-6.41176,-13.37225,50.0,Wheat,Very High
-6.55685,-15.53604,50.0,Wheat,Very High
-7.92531,-13.34352,16.5,Wheat,Medium
-5.68423,-14.23027,50.0,Wheat,Very High
-8.54889,-14.53372,25.0,Wheat,High
-8.26652,-12.81816,15.7,Wheat,Medium
-4.36213,-14.26147,50.0,Wheat,Very High
-6.27077,-12.76467,50.0,Wheat,Very High
-8.30097,-13.76285,50.0,Wheat,Very High
-7.10024,-14.75623,23.1,Wheat,Medium
-5.28264,-12.60738,19.2,Wheat,Medium
-1.17338,-13.92305,15.7,Wheat,Medium
-8.76085,-11.8852,30.3,Wheat,High
-1.24029,-12.83939,18.0,Wheat,Medium
-4.92552,-12.93627,13.4,Wheat,Medium
-7.84816,-16.55497,29.8,Wheat,High
-9.02112,-13.3603,33.7,Tobacco,High
-1.17006,-11.91452,31.9,Tobacco,High
-4.524,-11.83523,31.7,Tobacco,High
-9.40656,-10.92078,5.4,Mustard,Low
-9.0491,-16.00639,34.9,Chickori,High
-4.08504,-15.3982,23.4,Chickori,Medium
-5.84081,-14.11612,9.8,Lemon,Low
-6.80554,-12.04932,24.2666666666667,Chickori,High
-9.76498,-14.81137,17.2,Wheat,Medium
-8.71334,-15.30439,19.2,Wheat,Medium
-8.47611,-14.39097,6.9,Wheat,Low
-8.68366,-17.22009,11.8,Wheat,Medium
-8.79179,-14.70925,8.63333333333333,Wheat,Low
-5.15925,-15.59514,31.2,Wheat,High
-7.06687,-11.87321,23.2,Wheat,Medium
-9.45056,-15.42558,20.8,Wheat,Medium
-9.26903,-14.47198,32.0,Wheat,High
-8.14709,-16.25539,17.5333333333333,Wheat,Medium
-10.85037,-18.26802,11.1,Wheat,Medium
-12.09006,-17.13592,8.2,Wheat,Low
-7.45576,-18.75444,27.7,Wheat,High
-9.28703,-17.68809,22.4,Wheat,Medium
-9.93766,-17.84593,18.0666666666667,Wheat,Medium
-8.28808,-17.90496,19.3,Wheat,Medium
-8.93054,-19.77845,6.2,Wheat,Low
-9.68655,-16.7159,50.0,Wheat,Very High
-11.99647,-16.47927,50.0,Wheat,Very High
-10.67982,-15.36133,50.0,Wheat,Very High
-9.22852,-14.90181,39.6,Wheat,High
-9.33738,-19.63594,40.6,Wheat,High
-7.05337,-13.50969,30.4,Wheat,High
-5.09266,-16.47738,41.4,Wheat,Very High
-7.70584,-14.97677,43.6,Wheat,Very High
-11.33209,-18.6006,50.0,Fallow,Very High
-9.69436,-17.01209,50.0,Fallow,Very High
-12.24929,-16.63967,50.0,Fallow,Very High
-9.17312,-18.50741,50.0,Fallow,Very High
-13.80723,-18.81557,50.0,Fallow,Very High
-6.97713,-12.90883,31.2,Wheat,High
-5.75285,-15.67151,24.5,Wheat,High
-8.58402,-17.0563,26.8,Wheat,High
-9.30988,-14.28066,27.2,Wheat,High
-10.36436,-13.6265,40.9,Wheat,Very High
-8.86356,-15.26873,34.2,Wheat,High
-5.21031,-13.6308,34.4,Wheat,High
-3.86034,-14.20187,34.9,Wheat,High
-8.82004,-17.86986,46.0,Wheat,Very High
-6.06455,-16.46784,40.1666666666667,Wheat,High
-7.47286,-16.86855,18.5,Wheat,Medium
-11.27238,-15.85388,33.0,Wheat,High
-7.79481,-17.34865,3.7,Wheat,Low
-9.37912,-12.03001,26.0,Wheat,High
-9.90732,-15.66825,23.6333333333333,Wheat,Medium
-7.22629,-15.64732,36.4,Wheat,High
-7.58855,-17.56487,26.8,Wheat,High
-7.41511,-16.50356,50.0,Wheat,Very High
-6.19271,-13.3488,44.2,Wheat,Very High
-6.68291,-17.38963,46.9,Wheat,Very High
-7.28384,-16.98336,20.7,Wheat,Medium
-10.1361,-17.09937,44.1,Wheat,Very High
-4.21685,-14.03735,31.8,Tobacco,High
-6.80002,-13.68367,15.5,Wheat,Medium
-6.14407,-13.35245,49.5333333333333,Wheat,Very High
-9.31434,-17.25649,50.0,Wheat,Very High
-9.6656,-19.29547,41.5,Wheat,Very High
-9.31116,-15.55692,30.5,Wheat,High
-6.00259,-17.23738,37.5,Wheat,High
-8.30268,-17.78602,48.7666666666667,Wheat,Very High
-6.78028,-14.08185,39.3,Wheat,High
-5.85154,-12.03403,44.5,Wheat,Very High
-9.32081,-13.31119,39.2,Wheat,High
-4.98209,-15.71236,42.1,Wheat,Very High
-6.15837,-13.52911,36.3,Wheat,High
-7.88658,-16.27651,30.3,Wheat,High
-5.90469,-13.97473,28.0,Wheat,High
-10.92458,-17.49827,38.0,Wheat,High
-8.64444,-16.04842,50.0,Fallow,Very High
-6.90041,-14.86184,32.2333333333333,Wheat,High
-7.23694,-13.09216,9.3,Tobacco&Chikori,Low
-6.91976,-13.8805,50.0,Tobacco&Chikori,Very High
-7.57064,-15.63268,50.0,Chickori,Very High
-10.31079,-16.65835,50.0,Chickori,Very High
-7.11069,-14.47023,23.2666666666667,Chickori,Medium
-5.86756,-13.78684,50.0,Wheat,Very High
-6.34729,-12.68668,50.0,Wheat,Very High
-5.94694,-12.62929,25.0,Chickori,High
-8.4924,-14.04056,21.5,Chickori,Medium
-5.84433,-12.57454,31.9333333333333,Wheat,High
-6.88852,-16.75805,15.6,Wheat,Medium
-8.0793,-15.43109,50.0,Wheat,Very High
-8.35177,-15.7204,50.0,Chickori,Very High
-5.49884,-15.06179,29.6,Wheat,High
-8.91273,-15.88269,28.4333333333333,Chickori,High
-8.85696,-19.50638,27.0,Wheat,High
-9.34439,-14.57386,16.9,Wheat,Medium
-6.91094,-14.98379,22.6,Weed&Chickori,Medium
-10.01344,-17.29812,50.0,Wheat,Very High
-11.21393,-17.97876,19.8333333333333,Wheat,Medium
-2.27772,-12.31483,37.6,Mustard,High
-4.70363,-13.02783,31.6,Tobacco,High
-7.1486,-15.04564,28.4,Tobacco,High
-8.84003,-15.05885,28.3,Wheat,High
-4.91476,-13.14311,23.6333333333333,Tobacco,Medium
-5.23352,-16.25214,33.7,Tobacco,High
-5.2556,-12.90205,34.7,Wheat,High
-5.35883,-10.17617,36.3,Tobacco,High
-3.97213,-15.1756,38.3,Tobacco,High
-5.50456,-12.77619,31.1333333333333,Tobacco,High
-4.27904,-11.41773,50.0,Tobacco,Very High
-6.0888,-10.98773,50.0,Tobacco,Very High
-3.33698,-10.02776,50.0,Tobacco,Very High
-5.03309,-8.33017,15.5,Wheat,Medium
-1.61495,-7.74255,24.0333333333333,Tobacco,Medium
-4.51488,-12.01198,27.2,Tobacco,High
-8.70287,-13.39777,27.2,Tobacco,High
-8.95517,-15.2072,50.0,Tobacco,Very High
-4.16953,-14.70909,50.0,Tobacco,Very High
-7.87921,-12.45514,32.3,Tobacco,High
-5.66362,-14.52637,40.8,Tobacco,High
-5.57599,-14.26849,27.2,Tobacco,High
-4.87848,-10.81538,34.9,Tobacco,High
-5.38746,-15.09056,17.4,Fallow,Medium
-7.37346,-13.34348,30.8666666666667,Wheat,High
-3.52567,-10.9129,40.0,Wheat,High
-8.25054,-12.30701,41.5,Bhaji,Very High
-8.96173,-18.5209,33.3,Wheat,High
-9.15927,-15.97063,50.0,Wheat,Very High
-8.65911,-15.49505,29.8333333333333,Wheat,High
-8.80923,-14.45008,27.4,Wheat,High
-6.97568,-16.12786,14.6,Wheat,Medium
-7.83354,-15.26945,50.0,Wheat,Very High
-11.12658,-16.73475,50.0,Wheat,Very High
-10.42331,-15.40236,14.6,Wheat,Medium
-9.26701,-17.27327,50.0,Wheat,Very High
-4.21843,-16.43928,50.0,Wheat,Very High
-4.07829,-12.65487,50.0,Tobacco,Very High
-4.34308,-16.02214,50.0,Tobacco,Very High
-2.03734,-17.19125,50.0,Tobacco,Very High
-3.64921,-11.55532,50.0,Wheat,Very High
-5.12706,-15.84033,50.0,Tobacco,Very High
-6.30909,-13.94096,50.0,Tobacco,Very High
-4.80583,-10.11014,50.0,Tobacco,Very High
-5.62512,-11.64378,50.0,Tobacco,Very High
-6.65891,-16.04795,31.7,Fallow,High
-8.39406,-14.4306,15.0,Chickori,Medium
-7.16176,-18.05111,30.4,Chickori,High
-6.16542,-14.59074,1.9,Lemon,Low
-9.40695,-16.35837,32.7,Chickori,High
-8.61439,-15.32492,25.5,Wheat,High
-6.72788,-15.88433,29.1,Wheat,High
-9.01983,-14.00514,21.8,Wheat,Medium
-9.33403,-15.35659,14.7,Wheat,Medium
-8.88493,-15.06127,21.2,Wheat,Medium
-7.86865,-17.07683,33.6,Wheat,High
-8.36899,-14.577,31.3,Wheat,High
-7.66836,-16.76501,30.7,Wheat,High
-8.57505,-16.28233,35.1,Wheat,High
-6.77178,-14.42523,33.7666666666667,Wheat,High
-7.16464,-15.24033,24.4,Wheat,High
-4.48397,-15.46932,26.4,Wheat,High
-6.21031,-21.11321,39.4,Wheat,High
-8.80508,-17.51568,29.8,Wheat,High
-4.70854,-21.48905,35.0,Wheat,High
-9.37308,-15.78609,24.4,Wheat,High
-5.94154,-19.05471,21.1,Wheat,Medium
-10.20651,-18.14804,26.1,Wheat,High
-11.4897,-17.12215,20.5,Wheat,Medium
-12.53116,-16.48726,24.1,Wheat,Medium
-10.25612,-16.58167,36.1,Wheat,High
-6.46736,-16.97135,23.6,Wheat,Medium
-7.14475,-14.86343,42.8,Wheat,Very High
-9.23571,-15.29686,36.5,Wheat,High
-6.71841,-15.13778,24.1333333333333,Wheat,High
-10.48515,-19.68214,50.0,Fallow,Very High
-8.70066,-15.32989,50.0,Fallow,Very High
-8.75374,-15.8308,50.0,Fallow,Very High
-11.04082,-17.56583,50.0,Fallow,Very High
-12.08031,-17.77776,50.0,Fallow,Very High
-5.89754,-15.67923,26.6,Wheat,High
-7.64356,-13.73007,33.7,Wheat,High
-8.16543,-14.62803,24.4,Wheat,High
-6.98091,-14.30762,33.9,Wheat,High
-4.98537,-15.3516,47.9666666666667,Wheat,Very High
-7.20171,-15.22947,49.1,Wheat,Very High
-6.49432,-17.12418,48.9,Wheat,Very High
-5.41929,-13.09354,53.8,Wheat,Very High
-8.13883,-17.60362,48.0,Wheat,Very High
-4.25573,-14.6202,51.9666666666667,Wheat,Very High
-8.21365,-15.58145,28.1,Wheat,High
-6.87821,-16.81349,30.2,Wheat,High
-9.87179,-15.08901,16.8,Wheat,Medium
-8.93608,-15.02459,29.7,Wheat,High
-7.59119,-14.35741,28.5666666666667,Wheat,High
-8.02511,-14.61055,41.8,Wheat,Very High
-6.96463,-11.09913,46.6,Wheat,Very High
-5.93354,-13.93454,29.9,Tobacco,High
-5.39243,-16.3356,28.6,Wheat,High
-4.03164,-15.59948,42.1,Wheat,Very High
-8.52353,-18.04451,27.7,Wheat,High
-11.64321,-17.08462,37.0,Wheat,High
-6.31722,-13.58084,39.2,Wheat,High
-7.94091,-13.09796,21.0,Wheat,Medium
-11.91943,-18.42199,23.07,Wheat,Medium
-5.11188,-17.18483,42.6,Wheat,Very High
-8.47479,-16.67879,37.6,Wheat,High
-6.56931,-15.16305,36.6,Wheat,High
-6.19275,-15.85995,45.14,Wheat,Very High
-7.13017,-18.22986,38.6,Wheat,High
-6.47431,-17.77234,27.5,Wheat,High
-6.88149,-14.31314,32.6,Wheat,High
-7.00027,-16.57542,15.4,Wheat,Medium
-4.47084,-16.02267,50.0,Fallow,Very High
-6.89454,-13.11464,33.2666666666667,Wheat,High
-7.03283,-14.84769,10.6,Tobacco&Chikori,Medium
-4.14556,-11.84687,9.0,Tobacco&Chikori,Low
-7.68301,-14.29395,20.8,Chickori,Medium
-8.70289,-14.65171,34.6,Chickori,High
-8.37295,-14.00611,31.2333333333333,Chickori,High
-7.72708,-14.01248,50.0,Wheat,Very High
-11.7047,-16.07982,50.0,Wheat,Very High
-8.0502,-14.51165,50.0,Chickori,Very High
-7.95289,-14.20146,50.0,Chickori,Very High
-9.50135,-15.16907,50.0,Wheat,Very High
-6.9903,-12.35103,21.5,Wheat,Medium
-7.35524,-15.64065,32.6,Chickori,High
-2.16021,-14.89303,28.9,Wheat,High
-7.00638,-15.34778,34.6666666666667,Chickori,High
-7.67633,-16.39315,26.8,Wheat,High
-4.55797,-12.65182,13.3,Wheat,Medium
-6.77434,-15.85558,38.8,Weed&Chickori,High
-6.29035,-12.73817,27.9,Wheat,High
-9.42883,-13.37286,22.6333333333333,Wheat,Medium
-4.40158,-12.42109,16.5,Mustard,Medium
-6.09943,-11.72674,36.2,Tobacco,High
-10.00631,-15.09084,33.5,Tobacco,High
-4.7357,-14.76062,22.7,Wheat,Medium
-5.32404,-15.60768,32.6333333333333,Tobacco,High
-7.79717,-14.60583,14.4,Tobacco,Medium
-3.53922,-13.75621,49.6,Wheat,Very High
-3.13017,-9.94574,39.3,Tobacco,High
-4.50996,-12.98827,36.6,Tobacco,High
-3.62305,-10.10662,36.5333333333333,Tobacco,High
-4.49816,-11.69284,22.5,Tobacco,Medium
-6.67674,-12.6169,25.1,Tobacco,High
-5.43935,-9.5887,22.7,Tobacco,Medium
-7.81745,-12.9178,21.4,Wheat,Medium
-7.26159,-11.74019,24.0,Tobacco,Medium
-6.3689,-12.35028,32.3,Tobacco,High
-5.2556,-13.70725,30.5,Tobacco,High
-8.73016,-17.18629,52.3,Tobacco,Very High
-5.7685,-11.19172,32.9,Tobacco,High
-8.55672,-12.79889,34.7,Tobacco,High
-3.43606,-11.46965,35.3,Tobacco,High
-6.15753,-9.29274,43.3,Tobacco,Very High
-5.90936,-10.75165,32.2,Tobacco,High
-3.65545,-14.425,40.0,Fallow,High
-4.354,-12.43976,39.6,Wheat,High
-4.49859,-10.19302,17.2,Wheat,Medium
-8.42376,-15.70217,13.6,Bhaji,Medium
-8.91445,-17.72289,20.0,Wheat,Medium
-7.53917,-15.21295,9.8,Wheat,Low
-6.2977,-12.42688,12.8333333333333,Wheat,Medium
-11.39028,-14.45735,22.3,Wheat,Medium
-7.27591,-14.89542,43.6,Wheat,Very High
-6.35165,-11.70996,43.9,Wheat,Very High
-10.11211,-14.36982,39.5,Wheat,High
-6.88852,-14.63118,44.2333333333333,Wheat,Very High
-7.83739,-17.84368,15.8,Wheat,Medium
-8.43331,-13.0224,10.0,Wheat,Medium
-3.82582,-16.7093,17.3,Tobacco,Medium
-8.37575,-15.1083,26.6,Tobacco,High
-4.46318,-13.05373,22.1,Tobacco,Medium
-5.8793,-13.89001,50.0,Wheat,Very High
-6.14269,-15.00759,38.7,Tobacco,High
-8.55152,-15.36699,32.1,Tobacco,High
-3.82856,-15.11956,21.2,Tobacco,Medium
-7.13528,-14.13398,24.6,Tobacco,High
-5.15094,-15.03994,8.7,Fallow,Low
-6.32535,-17.69331,25.9,Chickori,High
-7.84002,-14.92221,49.7,Chickori,Very High
-8.46383,-17.36857,3.3,Lemon,Low
-4.92177,-14.62923,49.0666666666667,Chickori,Very High
-8.62339,-17.72896,25.2,Wheat,High
-6.38866,-15.94442,26.4,Wheat,High
-6.45287,-15.24304,25.6,Wheat,High
-8.57051,-13.5368,30.0,Wheat,High
-5.96146,-17.22767,21.8,Wheat,Medium
-5.97816,-13.96104,41.0,Wheat,Very High
-8.98597,-15.96011,37.7,Wheat,High
-9.55062,-15.24599,32.3,Wheat,High
-7.56409,-15.16093,37.0,Wheat,High
-10.22938,-16.25107,33.1666666666667,Wheat,High
-7.90634,-17.36723,25.4,Wheat,High
-7.2307,-17.14799,20.2,Wheat,Medium
-5.66462,-16.10262,31.6,Wheat,High
-8.86954,-13.58678,54.1,Wheat,Very High
-4.40918,-14.47324,29.6,Wheat,High
-9.74498,-19.44816,20.8,Wheat,Medium
-8.15695,-20.49878,14.1,Wheat,Medium
-10.6915,-19.56545,12.4,Wheat,Medium
-7.89358,-18.0427,7.0,Wheat,Low
-9.29197,-18.51635,21.0666666666667,Wheat,Medium
-8.59892,-18.97008,39.0,Wheat,High
-7.15074,-16.56623,39.8,Wheat,High
-7.47369,-18.0263,21.3,Wheat,Medium
-6.65122,-16.11936,40.4,Wheat,High
-7.13692,-19.10054,39.8666666666667,Wheat,High
-5.67279,-18.20795,50.0,Fallow,Very High
-4.80204,-18.64677,50.0,Fallow,Very High
-7.82127,-15.6427,50.0,Fallow,Very High
-6.31921,-17.81749,50.0,Fallow,Very High
-5.30215,-19.09196,50.0,Fallow,Very High
-9.45876,-15.64377,34.2,Wheat,High
-11.56884,-13.55889,27.7,Wheat,High
-8.34216,-15.06739,26.1,Wheat,High
-8.43672,-14.74903,29.6,Wheat,High
-8.58653,-14.52158,39.0333333333333,Wheat,High
-6.94218,-16.58721,27.8,Wheat,High
-10.33355,-12.92172,25.7,Wheat,High
-3.18096,-11.656,30.2,Wheat,High
-10.30785,-16.05667,23.3,Wheat,Medium
-7.39412,-15.76303,37.2,Wheat,High
-11.06337,-17.51205,15.5,Wheat,Medium
-7.66704,-16.95096,16.7,Wheat,Medium
-8.8914,-17.19699,25.6,Wheat,High
-8.56735,-14.9046,24.5,Wheat,High
-8.72845,-15.61855,19.8666666666667,Wheat,Medium
-6.03547,-16.63282,10.6,Wheat,Medium
-6.55273,-16.08655,37.3,Wheat,High
-6.32299,-16.96601,24.1,Tobacco,Medium
-10.51478,-17.28849,17.5,Wheat,Medium
-10.92548,-16.8931,12.9666666666667,Wheat,Medium
-9.84715,-14.1256,42.3,Wheat,Very High
-12.25054,-16.27297,24.5,Wheat,High
-7.97397,-15.15849,34.6,Wheat,High
-10.45823,-15.97989,33.2,Wheat,High
-11.09473,-17.78957,21.5666666666667,Wheat,Medium
-8.40098,-20.02289,21.4,Wheat,Medium
-8.31098,-17.66729,39.3,Wheat,High
-10.49659,-14.03814,26.7,Wheat,High
-7.09036,-14.78894,21.4,Wheat,Medium
-7.14018,-18.25183,37.9666666666667,Wheat,High
-5.54084,-14.39622,50.0,Wheat,Very High
-6.30783,-14.31132,34.6,Wheat,High
-9.71406,-15.92339,17.3,Wheat,Medium
-7.9229,-16.27355,50.0,Fallow,Very High
-4.88999,-14.55155,37.7,Wheat,High
-6.02862,-16.90041,23.9,Tobacco&Chikori,Medium
-7.63111,-14.10565,26.4,Tobacco&Chikori,High
-9.11679,-13.86853,16.3,Chickori,Medium
-11.04512,-13.4866,14.9,Chickori,Medium
-10.31259,-13.30661,16.0666666666667,Chickori,Medium
-8.9966,-13.71785,12.0,Wheat,Medium
-10.36823,-15.6768,16.9,Wheat,Medium
-8.97391,-13.06329,38.0,Chickori,High
-10.79276,-14.11689,25.3,Chickori,High
-9.66765,-13.07276,10.5,Wheat,Medium
-12.67692,-14.95325,24.4,Wheat,High
-10.67218,-15.25018,30.2,Wheat,High
-7.25629,-16.85071,38.3,Chickori,High
-8.40801,-16.3695,20.0,Wheat,Medium
-10.34531,-15.60371,38.8,Chickori,High
-10.77078,-14.87204,21.7,Wheat,Medium
-11.71608,-12.93865,14.1,Wheat,Medium
-9.33765,-16.35835,33.8,Weed&Chickori,High
-6.57584,-17.21585,19.2,Wheat,Medium
-8.04574,-16.24862,17.1,Wheat,Medium
-6.96336,-14.18192,21.4,Mustard,Medium
-7.55548,-14.10518,36.9,Tobacco,High
-8.72334,-15.14203,27.4,Tobacco,High
-10.4102,-18.70944,26.4,Wheat,High
-7.10656,-13.07138,30.5,Tobacco,High
-6.85279,-15.55773,25.2,Tobacco,High
-5.02436,-14.02227,29.3,Wheat,High
-5.8884,-13.76714,29.4,Tobacco,High
-2.26086,-14.48954,29.3,Tobacco,High
-5.31369,-11.93462,26.8666666666667,Tobacco,High
-7.53433,-13.93566,19.6,Tobacco,Medium
-7.86463,-12.02875,27.3,Tobacco,High
-5.71715,-11.85157,23.3,Tobacco,Medium
-5.42316,-16.61575,5.3,Wheat,Low
-5.19346,-12.61175,25.1333333333333,Tobacco,High
-7.36726,-12.09159,13.1,Tobacco,Medium
-6.87419,-15.33173,13.4,Tobacco,Medium
-6.04241,-15.79052,26.4,Tobacco,High
-5.05276,-12.94747,37.8,Tobacco,High
-4.89335,-11.63245,28.8333333333333,Tobacco,High
-8.05309,-13.95449,11.5,Tobacco,Medium
-7.26088,-15.61397,15.7,Tobacco,Medium
-5.86757,-14.17861,17.4,Tobacco,Medium
-8.49375,-19.40045,33.9,Fallow,High
-8.10764,-18.04404,8.5,Wheat,Low
-7.19542,-11.93648,9.6,Wheat,Low
-8.54427,-14.5055,23.2,Bhaji,Medium
-7.79028,-17.77768,11.9,Wheat,Medium
-8.54918,-17.35447,14.6,Wheat,Medium
-9.31008,-15.89008,8.93333333333333,Wheat,Low
-7.12127,-16.51981,19.4,Wheat,Medium
-5.86639,-15.11648,19.3,Wheat,Medium
-7.87722,-14.4182,9.7,Wheat,Low
-12.32029,-15.15572,6.5,Wheat,Low
-8.85128,-15.65176,7.53333333333333,Wheat,Low
-11.52704,-16.79963,50.0,Wheat,Very High
-8.07408,-13.55323,50.0,Wheat,Very High
-5.35531,-13.77275,29.9,Tobacco,High
-5.92941,-15.92869,24.7,Tobacco,High
-6.08458,-15.9127,39.7333333333333,Tobacco,High
-8.69274,-14.15688,50.0,Wheat,Very High
-6.48271,-15.56076,50.0,Tobacco,Very High
-6.2066,-14.73141,50.0,Tobacco,Very High
-9.43414,-20.52987,50.0,Tobacco,Very High
-7.47745,-15.42384,50.0,Tobacco,Very High
-10.00167,-19.92209,16.3,Perl Millet,Medium
-8.64632,-16.31338,2.4,Fallow,Low
-9.64568,-15.35525,1.6,Fallow,Low
-8.21415,-14.15616,4.3,Lemon,Low
-9.21949,-14.97651,2.8,Fallow,Low
-8.19993,-18.87783,27.4,Perl Millet,High
-8.94661,-17.33686,28.1,Perl Millet,High
-11.73106,-16.32516,15.1,Fallow,Medium
-9.4678,-20.71176,22.4,Fallow,Medium
-10.43284,-18.92056,18.9,Perl Millet,Medium
-5.86952,-15.82784,17.1,Fallow,Medium
-9.39252,-16.45629,15.3,Fallow,Medium
-7.64937,-16.4518,16.7,Fallow,Medium
-9.96623,-13.75554,17.2,Fallow,Medium
-8.59249,-14.81357,12.3666666666667,Fallow,Medium
-10.2575,-15.26846,16.4,Fallow,Medium
-11.13368,-20.16329,11.5,Fallow,Medium
-12.30907,-18.12221,13.0,Fallow,Medium
-12.65269,-16.64908,13.9,Fallow,Medium
-13.74635,-18.87415,11.5666666666667,Fallow,Medium
-9.14928,-16.28594,8.3,Fallow,Low
-12.04352,-16.52743,7.9,Fallow,Low
-11.57165,-17.94566,6.3,Fallow,Low
-8.7048,-19.8832,6.4,Fallow,Low
-11.02199,-20.45797,7.26666666666667,Fallow,Low
-11.7562,-15.25008,16.4,Paddy,Medium
-7.80272,-18.62034,31.1,Paddy,High
-7.4974,-17.3916,32.3,Paddy,High
-9.35592,-11.2428,44.1,Paddy,Very High
-9.57783,-13.59843,40.0666666666667,Paddy,High
-10.46127,-17.02879,14.2,Fallow,Medium
-9.63905,-16.98398,12.6,Fallow,Medium
-8.89347,-21.33182,16.7,Fallow,Medium
-13.00412,-21.53505,15.1,Fallow,Medium
-11.51228,-21.96943,13.0666666666667,Fallow,Medium
-8.75682,-18.06771,16.2,Fallow,Medium
-9.4657,-20.12779,16.5,Fallow,Medium
-8.70018,-17.92023,6.6,Fallow,Low
-6.5437,-14.77157,4.1,Fallow,Low
-7.83498,-19.31248,15.2666666666667,Fallow,Medium
-14.77777,-16.40226,14.2,Maize,Medium
-9.25342,-18.14691,19.4,Maize,Medium
-11.00686,-18.66616,15.1,Fallow,Medium
-13.57658,-19.41325,13.4,Fallow,Medium
-11.22901,-17.66094,15.6333333333333,Maize,Medium
-12.4898,-15.43007,17.7,Fallow,Medium
-10.35267,-23.32974,19.1,Fallow,Medium
-9.62227,-19.02364,13.7,Fallow,Medium
-9.85162,-17.16426,9.6,Fallow,Low
-10.89802,-16.97785,19.3333333333333,Fallow,Medium
-8.46758,-17.81056,16.1,Fallow,Medium
-10.96815,-16.11847,10.9,Fallow,Medium
-12.37671,-19.99245,18.9,Fallow,Medium
-9.95245,-16.72325,18.6,Perl Millet,Medium
-10.39046,-17.63279,10.1,Fodder,Medium
-8.11004,-20.45958,16.1,Fallow,Medium
-7.65974,-22.82328,9.8,Fallow,Low
-8.94481,-18.0926,18.0,Perl Millet,Medium
-10.08608,-16.17819,25.2,Perl Millet,High
-8.87369,-22.23991,20.2666666666667,Fallow,Medium
-9.89721,-20.18686,9.8,Fallow,Low
-8.76022,-24.29739,7.6,Fallow,Low
-9.33478,-20.1129,6.2,Fallow,Low
-10.58796,-16.58006,7.1,Fallow,Low
-9.63174,-20.46664,7.36666666666667,Fallow,Low
-9.07433,-18.34596,9.4,Fallow,Low
-8.38483,-19.38255,7.2,Fallow,Low
-12.41676,-20.07839,6.1,Fallow,Low
-9.64515,-18.86558,7.7,Fallow,Low
-8.95288,-19.81762,8.16666666666667,Fallow,Low
-9.12458,-13.70238,22.6,Chickori,Medium
-8.10472,-13.26837,12.8,Chickori,Medium
-10.35881,-15.1596,33.0,Chickori,High
-8.79314,-17.56527,35.2,Chickori,High
-11.26179,-17.99349,30.4,Chickori,High
-9.28358,-16.72351,35.1,Perl Millet,High
-7.51367,-17.17701,35.2,Perl Millet,High
-8.413,-14.82572,21.7,Perl Millet,Medium
-10.40472,-16.67539,9.4,Perl Millet,Low
-6.89782,-15.81969,31.0333333333333,Perl Millet,High
-9.1237,-17.2709,21.2,Perl Millet,Medium
-11.51835,-16.98093,6.7,Fallow,Low
-8.94697,-12.80782,6.9,Fallow,Low
-11.23339,-14.44374,12.1,Perl Millet,Medium
-10.14497,-15.57308,7.4,Fallow,Low
-6.97868,-12.11393,5.2,Fallow,Low
-11.0799,-16.19341,3.1,Fallow,Low
-8.44532,-12.24115,7.1,Fallow,Low
-6.77393,-13.54384,6.2,Fallow,Low
-7.52514,-14.47708,7.36666666666667,Fallow,Low
-4.44817,-12.27366,4.5,Fallow,Low
-7.03014,-15.63455,39.1,Perl Millet,High
-12.08529,-16.14222,34.8,Perl Millet,High
-7.39161,-13.81944,16.5,Perl Millet,Medium
-8.94634,-14.64734,38.0,Perl Millet,High
-8.0358,-15.59208,9.5,Perl Millet,Low
-8.53849,-16.88264,11.9,Perl Millet,Medium
-10.07334,-15.20282,16.1,Perl Millet,Medium
-8.02592,-17.34644,9.1,Fallow,Low
-9.76275,-15.27559,13.7,Perl Millet,Medium
-11.06701,-15.54445,6.7,Fallow,Low
-10.98505,-18.08996,11.3,Fallow,Medium
-10.55756,-18.14134,13.2,Fallow,Medium
-10.25137,-16.58471,17.2,Perl Millet,Medium
-10.3858,-16.69823,12.2333333333333,Fallow,Medium
-9.72612,-16.33301,10.3,Perl Millet,Medium
-9.78805,-17.71266,18.7,Perl Millet,Medium
-8.40458,-15.94226,6.1,Fallow,Low
-8.50229,-17.00877,13.3,Perl Millet,Medium
-6.83026,-16.07704,12.6333333333333,Perl Millet,Medium
-8.27888,-14.17301,4.3,Fallow,Low
-6.90769,-13.29306,13.6,Perl Millet,Medium
-6.20874,-14.10602,35.6,Perl Millet,High
-7.90551,-14.83405,16.5,Fallow,Medium
-8.66599,-15.61931,6.2,Fallow,Low
-6.67121,-16.79281,9.7,Fallow,Low
-5.84262,-15.35538,3.8,Perl Millet,Low
-9.36215,-21.95996,12.4,Fallow,Medium
-8.36788,-15.60489,30.7,Perl Millet,High
-7.26091,-14.82165,12.4666666666667,Fallow,Medium
-9.02968,-18.88471,6.2,Fallow,Low
-10.80033,-16.52202,7.3,Fallow,Low
-11.62963,-17.45524,8.1,Fallow,Low
-11.13305,-17.63522,8.2,Fallow,Low
-10.09761,-19.21026,7.96666666666667,Fallow,Low
-7.36068,-16.18182,7.7,Fallow,Low
-8.34078,-15.64833,3.3,Fallow,Low
-6.53515,-13.78363,18.5,Perl Millet,Medium
-9.69259,-17.64169,29.7,Perl Millet,High
-6.12175,-13.34397,19.1333333333333,Perl Millet,Medium
-11.81931,-15.82782,9.7,Perl Millet,Low
-9.55444,-15.40672,3.6,Lemon,Low
-8.49574,-15.29254,29.8,Fallow,High
-11.02725,-15.01579,5.9,Fallow,Low
-8.85216,-16.34756,23.1666666666667,Fallow,Medium
-8.68768,-17.92505,18.2,Perl Millet,Medium
-10.82765,-16.71366,13.7,Perl Millet,Medium
-8.08608,-18.78204,6.4,Perl Millet,Low
-11.73934,-17.07287,5.7,Perl Millet,Low
-8.5621,-18.43331,10.9,Perl Millet,Medium
-10.13278,-14.68989,18.2,Fallow,Medium
-7.67497,-18.02937,2.9,Fallow,Low
-9.49269,-19.5737,3.2,Fallow,Low
-7.64437,-16.20923,15.2,Fallow,Medium
-7.29612,-17.31333,2.5,Fallow,Low
-9.7773,-17.29109,8.0,Fallow,Low
-10.86729,-20.66976,9.6,Fallow,Low
-12.33313,-19.77272,7.2,Fallow,Low
-11.80557,-17.75042,44.6,Fallow,Very High
-10.68872,-18.70944,4.2,Fallow,Low
-10.6596,-19.78627,7.8,Fallow,Low
-12.07464,-17.12676,5.7,Fallow,Low
-9.73406,-18.31916,6.2,Fallow,Low
-13.73697,-19.3535,7.1,Fallow,Low
-13.46296,-20.25111,6.76666666666667,Fallow,Low
-11.06205,-17.52365,7.4,Fallow,Low
-11.12482,-18.04749,7.9,Fallow,Low
-11.57439,-20.52464,7.3,Fallow,Low
-9.41299,-17.3895,6.7,Fallow,Low
-10.29658,-18.95568,7.46666666666667,Fallow,Low
-8.80446,-17.79013,5.8,Paddy,Low
-9.67769,-16.60198,19.1,Paddy,Medium
-7.77674,-17.36491,10.5,Paddy,Medium
-9.26227,-18.17236,18.7,Paddy,Medium
-9.87786,-19.2689,18.0666666666667,Paddy,Medium
-11.35662,-18.0677,3.8,Fallow,Low
-7.81726,-16.18824,5.1,Fallow,Low
-9.68076,-15.58033,6.2,Fallow,Low
-13.50497,-18.19119,7.4,Fallow,Low
-11.64754,-15.12892,8.26666666666667,Fallow,Low
-10.10692,-18.50116,6.2,Fallow,Low
-6.83816,-19.46175,5.8,Fallow,Low
-10.93372,-20.01041,3.8,Fallow,Low
-9.78268,-15.34658,3.9,Fallow,Low
-9.98394,-18.07798,6.8,Fallow,Low
-10.14256,-20.37755,8.5,Fallow,Low
-15.02101,-17.2268,11.4,Fallow,Medium
-10.58067,-16.1342,5.1,Fallow,Low
-12.35492,-16.92419,14.1,Fodder,Medium
-12.94031,-16.70495,13.5666666666667,Fodder,Medium
-10.71853,-16.79739,9.3,Fallow,Low
-11.56785,-20.05263,17.1,Fallow,Medium
-8.31874,-16.10224,8.8,Fallow,Low
-9.94707,-20.02201,6.9,Fallow,Low
-10.55756,-20.21476,6.53333333333333,Fallow,Low
-8.21267,-16.59742,4.7,Fallow,Low
-8.30339,-15.80354,3.6,Fallow,Low
-11.27394,-16.26287,19.5,Fallow,Medium
-8.87558,-15.28992,7.1,Fodder,Low
-11.22754,-17.53852,12.3,Fodder,Medium
-7.49894,-12.51896,6.7,Perl Millet,Low
-11.00953,-25.35855,15.1,Perl Millet,Medium
-9.93137,-17.52361,8.3,Fallow,Low
-11.76035,-15.95107,7.5,Fallow,Low
-10.00562,-17.55512,12.3666666666667,Fallow,Medium
-11.59285,-19.06809,7.3,Fallow,Low
-7.91563,-13.8029,6.7,Fallow,Low
-9.30101,-16.79701,7.2,Fallow,Low
-11.2479,-16.58111,7.1,Fallow,Low
-10.25707,-16.90699,6.96666666666667,Fallow,Low
-14.19664,-16.4906,3.7,Fallow,Low
-11.4325,-18.08727,6.5,Fallow,Low
-10.01446,-19.09438,4.9,Fallow,Low
-10.33215,-18.82207,50.0,Fallow,Very High
-9.98365,-17.22269,7.16666666666667,Fallow,Low
-9.96243,-12.73853,5.3,Fallow,Low
-12.91104,-16.85854,11.9,Fallow,Medium
-7.72607,-21.40274,5.2,Fallow,Low
-8.40758,-17.53756,12.3,Fallow,Medium
-6.89322,-18.21262,12.0,Fallow,Medium
-5.38487,-14.7077,22.5,Perl Millet,Medium
-11.15021,-15.0883,36.6,Perl Millet,High
-7.40346,-14.93471,32.7,Perl Millet,High
-6.79264,-14.5378,8.8,Perl Millet,Low
-8.18369,-15.42793,10.5333333333333,Perl Millet,Medium
-6.73145,-17.20118,16.4,Perl Millet,Medium
-8.30284,-14.09194,8.1,Fallow,Low
-10.30924,-15.83813,9.1,Fallow,Low
-10.21729,-17.03273,7.3,Fallow,Low
-8.4213,-15.53871,7.1,Fallow,Low
-6.36246,-17.21579,3.2,Fallow,Low
-12.74794,-17.56132,6.1,Fallow,Low
-8.74039,-16.46984,7.8,Fallow,Low
-7.6575,-13.11639,4.2,Fallow,Low
-8.44988,-15.69015,6.43333333333333,Fallow,Low
-7.11793,-12.91434,7.9,Fallow,Low
-10.72732,-14.06842,28.9,Perl Millet,High
-9.04471,-14.90256,38.5,Perl Millet,High
-8.03555,-14.24233,26.9,Perl Millet,High
-8.59127,-13.30504,35.7666666666667,Perl Millet,High
-6.4973,-15.97604,30.3,Perl Millet,High
-9.28497,-13.02534,32.0,Perl Millet,High
-7.22109,-14.97562,34.7,Perl Millet,High
-8.14316,-17.5295,7.8,Fallow,Low
-6.71815,-14.15351,38.6333333333333,Perl Millet,High
-9.64249,-14.68928,27.1,Perl Millet,High
-5.11058,-18.38829,50.0,Perl Millet,Very High
-3.17664,-14.32142,50.0,Perl Millet,Very High
-7.3575,-13.3391,21.0,Fodder,Medium
-4.30267,-13.83904,50.0,Fallow,Very High
-8.01984,-13.66179,29.6,Perl Millet,High
-9.1248,-16.71117,32.5,Perl Millet,High
-8.13828,-18.07337,12.1,Fallow,Medium
-6.5124,-13.74376,29.6,Perl Millet,High
-8.92138,-16.10449,29.9333333333333,Perl Millet,High
-8.72523,-19.16424,19.7,Fallow,Medium
-8.82677,-16.67533,40.4,Perl Millet,High
-7.12499,-15.6587,18.8,Perl Millet,Medium
-7.7127,-18.1656,13.6,Fallow,Medium
-8.62552,-15.82983,14.3333333333333,Fallow,Medium
-8.02409,-13.62486,12.7,Fallow,Medium
-11.9958,-15.62525,31.9,Fallow,High
-10.02929,-16.84146,14.1,Fallow,Medium
-9.01711,-17.09969,23.0,Perl Millet,Medium
-7.78954,-16.20853,12.4333333333333,Fallow,Medium
-9.06885,-17.96184,6.2,Fallow,Low
-8.27599,-19.12009,7.3,Fallow,Low
-10.10909,-19.18071,6.9,Fallow,Low
-9.35134,-18.43408,5.2,Fallow,Low
-8.75491,-17.21376,9.7,Fallow,Low
-11.22916,-17.05475,16.8,Fallow,Medium
-5.45131,-16.5076,12.3,Fallow,Medium
-9.48685,-16.953,21.9,Perl Millet,Medium
-10.91676,-14.30651,16.7,Perl Millet,Medium
-7.55717,-16.68018,22.7333333333333,Perl Millet,Medium
-12.90196,-17.77724,13.6,Fallow,Medium
-11.61592,-18.22669,13.9,Fallow,Medium
-8.26109,-15.43479,16.6,Fallow,Medium
-8.96775,-18.53199,14.6,Fallow,Medium
-8.63474,-17.6473,13.2333333333333,Fallow,Medium
-8.51928,-14.27861,6.3,Fallow,Low
-10.5337,-17.0563,8.4,Lemon,Low
-9.88471,-17.01366,11.1,Chickori,Medium
-9.95405,-17.00266,10.4,Fallow,Medium
-9.01961,-17.70872,12.2,Fallow,Medium
-8.2606,-17.58467,25.3,Perl Millet,High
-12.29155,-18.39013,24.2,Perl Millet,High
-12.92488,-18.52958,18.7,Fallow,Medium
-12.7389,-20.5879,5.6,Fallow,Low
-9.62751,-20.15304,24.8,Fallow,High
-13.44539,-15.19958,7.9,Fallow,Low
-9.70283,-16.83706,8.2,Fallow,Low
-9.63891,-18.28604,7.1,Fallow,Low
-8.18604,-20.4146,7.3,Fallow,Low
-9.29699,-16.71435,8.13333333333333,Fallow,Low
-8.97837,-18.89408,6.8,Fallow,Low
-9.99465,-19.48081,8.8,Fallow,Low
-11.48611,-18.32698,8.9,Fallow,Low
-11.9705,-20.53896,6.7,Fallow,Low
-10.41186,-19.0963,8.8,Fallow,Low
-12.91523,-19.62489,7.0,Fallow,Low
-13.65618,-20.30301,8.5,Fallow,Low
-9.99721,-20.09301,8.5,Fallow,Low
-12.39714,-19.4477,7.9,Fallow,Low
-15.65112,-20.38011,7.53333333333333,Fallow,Low
-9.78236,-18.79927,6.0,Fallow,Low
-13.16346,-19.09692,5.4,Fallow,Low
-11.22349,-20.00375,3.2,Fallow,Low
-11.25086,-16.93407,3.7,Fallow,Low
-10.48338,-19.32631,6.2,Fallow,Low
-10.47203,-18.69562,2.5,Fallow,Low
-8.54275,-15.13929,3.5,Fallow,Low
-10.24749,-19.14128,7.9,Fallow,Low
-10.85333,-19.23387,7.2,Fallow,Low
-10.75128,-20.43515,6.93333333333333,Fallow,Low
-14.40952,-18.52021,6.8,Fallow,Low
-12.91798,-15.95875,6.4,Fallow,Low
-11.27524,-16.59059,5.8,Fallow,Low
-12.49643,-18.914,4.5,Fallow,Low
-12.68103,-18.61378,5.76666666666667,Fallow,Low
-9.69555,-17.24161,5.8,Fallow,Low
-11.09046,-19.56469,5.4,Fallow,Low
-9.31957,-17.15849,3.7,Fallow,Low
-7.71057,-14.12646,1.2,Fallow,Low
-8.77439,-18.42246,6.9,Fallow,Low
-9.34459,-17.93576,9.0,Grass,Low
-7.80977,-16.86535,50.0,Grass,Very High
-9.57489,-17.70514,4.2,Fallow,Low
-11.13255,-16.57762,16.7,Grass,Medium
-9.2002,-16.41832,15.2,Grass,Medium
-9.01717,-19.75775,4.2,Fallow,Low
-11.38892,-20.43508,5.1,Fallow,Low
-10.50425,-19.55395,3.9,Fallow,Low
-9.52308,-17.21817,4.8,Fallow,Low
-8.9139,-17.69281,5.63333333333333,Fallow,Low
-11.35466,-19.16644,3.8,Fallow,Low
-7.42196,-15.55066,19.2,Perl Millet,Medium
-7.89668,-18.04083,20.8,Perl Millet,Medium
-8.12043,-18.51093,50.0,Fodder,Very High
-7.16783,-18.54107,7.4,Fallow,Low
-9.54866,-15.36225,6.8,Fallow,Low
-9.56454,-19.53186,6.7,Fallow,Low
-7.81183,-12.84159,21.4,Perl Millet,Medium
-7.6944,-14.55334,20.4,Perl Millet,Medium
-7.69168,-16.07112,10.3,Fallow,Medium
-10.46143,-18.59533,9.1,Fallow,Low
-8.25762,-18.06697,8.2,Fallow,Low
-10.65867,-12.89579,7.8,Fallow,Low
-7.34198,-13.36101,7.1,Fallow,Low
-8.56563,-15.61607,9.93333333333333,Fallow,Medium
-11.66678,-17.51916,8.4,Fallow,Low
-10.67139,-19.22941,7.4,Fallow,Low
-9.13588,-21.48727,7.1,Fallow,Low
-9.58959,-18.67389,6.9,Fallow,Low
-9.89015,-20.72469,7.8,Fallow,Low
-9.84308,-17.96756,5.7,Fallow,Low
-11.46021,-21.9882,4.9,Fallow,Low
-8.03045,-17.87206,6.1,Fallow,Low
-10.75034,-16.15504,6.4,Fallow,Low
-10.81074,-18.94414,7.0,Fallow,Low
-9.45316,-11.49652,29.7,Perl Millet,High
-8.14801,-15.00961,28.1,Perl Millet,High
-8.87271,-13.0456,35.2,Perl Millet,High
-12.22819,-13.13889,27.0,Perl Millet,High
-10.1756,-12.80879,26.2333333333333,Perl Millet,High
-8.56344,-18.53855,48.5,Perl Millet,Very High
-11.84278,-15.55002,18.2,Perl Millet,Medium
-7.64519,-14.86602,20.2,Perl Millet,Medium
-7.75403,-16.43033,9.3,Fallow,Low
-9.02815,-18.1644,21.9,Perl Millet,Medium
-9.77939,-17.64528,5.1,Fallow,Low
-9.38166,-16.76433,5.6,Fallow,Low
-10.11505,-19.60323,4.9,Fallow,Low
-11.05916,-21.92294,6.2,Fallow,Low
-8.81868,-20.80791,7.6,Fallow,Low
-8.42057,-15.62834,19.8,Perl Millet,Medium
-6.83533,-15.49481,11.7,Fallow,Medium
-9.44043,-17.57213,9.5,Fallow,Low
-9.28193,-15.58009,8.5,Fallow,Low
-10.01618,-13.67096,10.6666666666667,Fallow,Medium
-9.79328,-14.72909,9.8,Perl Millet,Low
-7.99805,-14.29536,24.4,Perl Millet,High
-10.59105,-16.46074,14.0,Perl Millet,Medium
-8.60959,-14.46107,4.0,Fallow,Low
-8.50533,-14.50349,14.8666666666667,Perl Millet,Medium
-9.9829,-19.55714,9.8,Fallow,Low
-8.1621,-20.05977,10.1,Fallow,Medium
-9.1322,-16.2044,7.9,Fallow,Low
-8.23329,-19.88401,25.4,Sorgham,High
-7.70872,-22.32342,11.7333333333333,Fallow,Medium
-10.23355,-19.50731,6.3,Fallow,Low
-9.80145,-20.11506,7.2,Fallow,Low
-12.53831,-17.02724,8.2,Fallow,Low
-5.2944,-15.49228,9.1,Fallow,Low
-8.08588,-18.50718,7.06666666666667,Fallow,Low
-8.2492,-20.37548,10.2,Fallow,Medium
-9.49674,-15.86592,13.6,Perl Millet,Medium
-7.3748,-13.50096,33.2,Perl Millet,High
-10.03619,-18.48378,8.1,Fallow,Low
-8.42468,-16.06905,9.6,Fallow,Low
-8.3543,-16.22012,6.4,Fallow,Low
-9.52011,-17.49152,24.1,Weed,Medium
-7.15213,-18.63881,50.0,Perl Millet,Very High
-8.66461,-15.02859,5.3,Perl Millet,Low
-8.36273,-15.97959,6.73333333333333,Fallow,Low
-13.34756,-16.20927,6.1,Fallow,Low
-10.76268,-15.93247,5.2,Fallow,Low
-10.43515,-20.14801,4.7,Fallow,Low
-12.57679,-18.20552,6.7,Fallow,Low
-12.16501,-18.3078,6.76666666666667,Fallow,Low
-8.54094,-14.94142,28.4,Fallow,High
-10.67947,-17.29432,7.6,Fallow,Low
-8.63065,-15.21775,38.0,Perl Millet,High
-8.8305,-17.03611,23.1,Sorgham&PerlMillet,Medium
-6.69933,-14.86834,42.6,Perl Millet,Very High
-4.86297,-17.5304,33.8,Orchad,High
-7.80124,-22.15678,50.0,Paddy,Very High
-11.40585,-20.06993,50.0,Paddy,Very High
-6.45177,-17.74619,50.0,Paddy,Very High
-9.89915,-25.66162,50.0,Paddy,Very High
-6.92553,-15.87809,50.0,Paddy,Very High
-3.30838,-19.94215,50.0,Paddy,Very High
-7.31624,-14.87124,50.0,Paddy,Very High
-8.33975,-16.29768,50.0,Paddy,Very High
-6.9237,-20.00711,50.0,Paddy,Very High
-6.63085,-14.71037,50.0,Paddy,Very High
-8.63262,-15.5774,50.0,Paddy,Very High
-5.40038,-21.793,50.0,Paddy,Very High
-7.66595,-15.76017,50.0,Paddy,Very High
-7.61987,-15.90249,50.0,Paddy,Very High
-6.67893,-18.75797,50.0,Paddy,Very High
-4.39015,-19.98728,50.0,Paddy,Very High
-11.50233,-21.44701,50.0,Paddy,Very High
-10.86669,-17.60018,50.0,Paddy,Very High
-11.34241,-22.43074,50.0,Paddy,Very High
-11.23238,-20.12403,50.0,Paddy,Very High
-12.75047,-22.07408,50.0,Paddy,Very High
-11.50472,-17.6142,50.0,Paddy,Very High
-11.90919,-15.3075,50.0,Paddy,Very High
-11.97812,-18.41026,50.0,Paddy,Very High
-11.81058,-19.15841,50.0,Paddy,Very High
-10.55881,-19.5063,50.0,Paddy,Very High
-6.84345,-20.49271,50.0,Paddy,Very High
-10.02845,-17.11262,50.0,Paddy,Very High
-5.59087,-20.05267,50.0,Paddy,Very High
-10.83741,-24.12273,50.0,Fallow,Very High
-10.45789,-17.48616,50.0,Fallow,Very High
-11.92604,-15.9415,50.0,Fallow,Very High
-7.776,-18.81278,50.0,Fallow,Very High
-12.30905,-23.04639,50.0,Fallow,Very High
-10.73776,-17.67017,50.0,Paddy,Very High
-13.9917,-16.57893,50.0,Paddy,Very High
-13.84736,-18.4565,50.0,Paddy,Very High
-11.42005,-18.28609,50.0,Paddy,Very High
-12.57653,-17.91545,50.0,Paddy,Very High
-8.00804,-17.15848,50.0,Paddy,Very High
-11.01501,-17.27307,50.0,Paddy,Very High
-7.46782,-18.91054,50.0,Paddy,Very High
-4.78397,-17.66336,50.0,Paddy,Very High
-8.27481,-18.60066,50.0,Paddy,Very High
-7.63516,-18.52173,50.0,Paddy,Very High
-5.90892,-16.51688,50.0,Paddy,Very High
-6.12708,-16.5869,50.0,Paddy,Very High
-13.74864,-20.64363,50.0,Paddy,Very High
-11.48751,-18.40216,50.0,Paddy,Very High
-10.88464,-18.51778,50.0,Paddy,Very High
-14.1042,-21.58586,50.0,Paddy,Very High
-6.35587,-17.86559,50.0,Paddy,Very High
-11.06633,-19.50591,50.0,Paddy,Very High
-9.71984,-18.07973,50.0,Paddy,Very High
-9.02663,-17.80734,50.0,Paddy,Very High
-12.51647,-22.06457,50.0,Paddy,Very High
-8.6997,-18.51697,50.0,Paddy,Very High
-6.62375,-15.23264,29.3,Fodder,High
-7.94254,-17.10715,31.3,Fodder,High
-5.79944,-13.41305,33.5,Fallow&Grass,High
-4.35444,-11.95435,36.8,Fallow&Grass,High
-3.77709,-12.75024,35.7333333333333,Fallow&Grass,High
-7.78759,-14.771,50.0,Paddy,Very High
-7.76135,-11.90145,32.1,Fallow,High
-5.01485,-12.07136,40.1,Fodder,High
-5.31078,-14.77385,40.4,Fodder,High
-10.53105,-15.83097,50.0,Paddy,Very High
-7.03612,-14.18772,35.6333333333333,Fodder,High
-9.12743,-18.0169,50.0,Paddy,Very High
-12.29964,-16.26568,50.0,Fallow,Very High
-9.26152,-18.27944,50.0,Paddy,Very High
-8.74966,-19.02228,40.4,Paddy,High
-7.98156,-16.05278,50.0,Fallow,Very High
-10.64891,-19.29061,50.0,Paddy,Very High
-7.44602,-16.4558,50.0,Fallow,Very High
-8.14946,-16.14591,50.0,Fallow,Very High
-6.46182,-12.91716,50.0,Paddy,Very High
-6.03111,-11.10997,50.0,Fallow,Very High
-5.85072,-14.84299,50.0,Paddy,Very High
-5.11516,-17.07899,50.0,Paddy,Very High
-4.96478,-18.41567,50.0,Paddy,Very High
-7.08253,-15.22239,50.0,Maize,Very High
-5.36108,-16.76704,50.0,Paddy,Very High
-7.99455,-17.34941,50.0,Paddy,Very High
-10.41402,-17.49928,50.0,Paddy,Very High
-7.89217,-19.07603,50.0,Paddy,Very High
-9.87716,-18.11213,50.0,Paddy,Very High
-8.59158,-16.91982,50.0,Paddy,Very High
-9.08169,-16.02579,50.0,Paddy,Very High
-10.12877,-17.80179,50.0,Paddy,Very High
-10.91351,-18.78614,50.0,Paddy,Very High
-8.08876,-18.46931,50.0,Paddy,Very High
-11.86417,-19.11838,50.0,Paddy,Very High
-6.81427,-13.71889,50.0,Paddy,Very High
-4.31083,-16.65021,50.0,Paddy,Very High
-8.08926,-15.20638,50.0,Paddy,Very High
-9.28788,-14.40607,50.0,Paddy,Very High
-6.78889,-13.31052,50.0,Paddy,Very High
-5.89757,-17.05357,50.0,Paddy,Very High
-8.86167,-17.08705,50.0,Paddy,Very High
-9.62466,-15.83641,50.0,Paddy,Very High
-4.70811,-16.42963,50.0,Paddy,Very High
-8.19082,-17.57855,50.0,Paddy,Very High
-7.8609,-17.79615,50.0,Paddy,Very High
-8.841,-16.81163,50.0,Paddy,Very High
-7.55356,-16.96851,50.0,Paddy,Very High
-7.59393,-12.4722,50.0,Paddy,Very High
-7.77534,-16.62506,50.0,Paddy,Very High
-5.85646,-15.16433,50.0,Paddy,Very High
-8.75167,-20.04233,9.7,Fallow,Low
-7.88847,-18.32172,10.4,Fallow,Medium
-8.95861,-15.92288,5.2,Fallow,Low
-10.87651,-15.28825,4.1,Lemon,Low
-9.52169,-16.85548,6.1,Fallow,Low
-9.8145,-19.45311,5.8,Fallow,Low
-10.39702,-17.55064,5.5,Fallow,Low
-10.18284,-22.81129,9.2,Fallow,Low
-10.99269,-23.15112,9.6,Fallow,Low
-10.10719,-18.3406,7.53333333333333,Fallow,Low
-9.65309,-17.37448,34.6,Fallow,High
-10.97483,-16.90063,10.7,Fallow,Medium
-11.6078,-19.98338,9.8,Fallow,Low
-9.77517,-18.1746,6.9,Fallow,Low
-8.41147,-18.483,7.7,Fallow,Low
-11.97212,-17.83651,19.6,Fallow,Medium
-9.41811,-19.71903,16.0,Fallow,Medium
-8.59728,-19.85984,7.3,Fallow,Low
-12.58677,-18.91842,14.0,Fallow,Medium
-12.85868,-19.99165,13.7,Fallow,Medium
-12.31109,-21.89246,16.2,Fallow,Medium
-13.62385,-21.52762,8.0,Fallow,Low
-13.74084,-22.7705,12.2,Fallow,Medium
-13.59322,-18.80383,13.2,Fallow,Medium
-15.22923,-22.94854,10.6666666666667,Fallow,Medium
-9.44828,-25.04205,6.9,Fallow,Low
-9.57694,-23.17151,8.6,Fallow,Low
-9.21723,-20.39445,7.2,Fallow,Low
-12.59125,-16.96567,7.7,Fallow,Low
-10.18117,-20.9932,11.2333333333333,Fallow,Medium
-10.38181,-17.41077,10.1,Fallow,Medium
-11.80694,-19.52592,6.4,Fallow,Low
-10.18847,-19.65122,11.2,Fallow,Medium
-9.41803,-16.72277,15.7,Fallow,Medium
-8.98686,-17.29327,15.3,Fallow,Medium
-9.30996,-17.14248,5.0,Fallow,Low
-9.42317,-19.25129,5.9,Fallow,Low
-9.45326,-18.39343,20.0,Fallow,Medium
-9.28089,-21.33977,11.8,Fallow,Medium
-9.54327,-19.91577,4.9,Fallow,Low
-12.11064,-20.45641,6.8,Fallow,Low
-15.53682,-21.05001,16.6,Fallow,Medium
-11.61576,-21.58603,6.1,Fallow,Low
-8.89365,-21.79734,17.3,Fallow,Medium
-11.99471,-23.22269,8.6,Fallow,Low
-10.89032,-17.51351,7.0,Fallow,Low
-9.70897,-17.81876,14.0,Fallow,Medium
-8.41373,-16.42175,6.7,Fallow,Low
-9.19015,-15.17505,18.9,Sorgham,Medium
-7.80338,-14.79385,17.6666666666667,Fallow,Medium
-12.56446,-18.0945,18.7,Fallow,Medium
-11.50382,-19.32718,1.9,Fallow,Low
-10.02985,-18.76278,10.8,Fallow,Medium
-8.64443,-17.56579,12.2,Fallow,Medium
-11.78483,-20.32286,17.8333333333333,Fallow,Medium
-10.38057,-17.18002,2.5,Fallow,Low
-7.74767,-17.3354,13.3,Daicha,Medium
-10.6776,-18.39251,23.8,Perl Millet,Medium
-11.34068,-17.14855,7.6,Sorgham,Low
-10.69008,-17.57871,14.3666666666667,Fallow,Medium
-10.82769,-16.90328,9.9,Fallow,Medium
-11.50436,-22.52911,4.1,Fallow,Low
-10.77752,-19.32941,12.2,Fallow,Medium
-10.36668,-17.96761,10.8,Fallow,Medium
-10.85203,-19.84579,12.1,Fallow,Medium
-8.10691,-19.94818,7.2,Fallow,Low
-8.74876,-15.05695,8.2,Fallow,Low
-9.93796,-17.86724,9.3,Fallow,Low
-7.42865,-19.09358,7.9,Fallow,Low
-7.70791,-21.49668,7.16666666666667,Fallow,Low
-13.20701,-19.03237,4.2,Fallow,Low
-9.20496,-20.12355,7.9,Fallow,Low
-10.50211,-18.76133,8.5,Fallow,Low
-10.10096,-16.46849,11.6,Grass,Medium
-9.53424,-18.13884,6.16666666666667,Fallow,Low
-10.79432,-15.26845,9.4,Fallow,Low
-13.36108,-19.72846,9.0,Fallow,Low
-10.31949,-19.85425,8.9,Fallow,Low
-10.18298,-20.84249,8.0,Fallow,Low
-11.52782,-21.35908,10.2666666666667,Fallow,Medium
-10.20336,-20.34521,17.0,Fallow,Medium
-9.4883,-17.03998,12.6,Fallow,Medium
-10.39453,-18.05887,12.3,Fallow,Medium
-6.27258,-15.91435,15.1,Fallow,Medium
-8.62791,-18.28749,15.0,Fallow,Medium
-10.17428,-14.27367,12.2,Fallow,Medium
-10.56804,-16.39146,11.6,Fallow,Medium
-11.38705,-16.69281,5.6,Fallow,Low
-12.2741,-17.28515,7.8,Fallow,Low
-11.1501,-15.37503,8.23333333333333,Fallow,Low
-11.73644,-16.37426,15.2,Fallow,Medium
-10.54612,-18.62246,12.4,Fallow,Medium
-9.80616,-14.96033,7.7,Fallow,Low
-9.16587,-15.00299,9.5,Fallow,Low
-10.91952,-15.5,6.63333333333333,Fallow,Low
-9.83166,-14.31546,7.2,Perl Millet,Low
-9.87741,-15.70153,4.9,Fallow,Low
-11.17136,-16.40434,7.9,Fallow,Low
-9.97767,-15.5812,12.1,Fallow,Medium
-9.86707,-15.23647,6.0,Fallow,Low
-9.61099,-14.96192,10.8,Fallow,Medium
-9.62763,-18.43609,19.6,Fallow,Medium
-7.31651,-15.9533,15.7,Fallow,Medium
-7.61589,-14.17122,8.2,Fallow,Low
-7.09657,-16.1768,13.5666666666667,Fallow,Medium
-12.33498,-24.58123,12.7,Fallow,Medium
-9.73114,-21.08175,20.2,Fallow,Medium
-8.20695,-18.81511,16.7,Fallow,Medium
-9.98537,-17.50659,9.2,Sorgham,Low
-10.59445,-18.65784,8.5,Fallow,Low
-12.04304,-19.67943,7.6,Fallow,Low
-9.47499,-14.98226,8.3,Fallow,Low
-12.21479,-19.77901,8.5,Fallow,Low
-12.27678,-18.16585,9.2,Fallow,Low
-11.22443,-16.48661,11.2,Fallow,Medium
-7.89579,-16.35892,10.9,Fallow,Medium
-11.74064,-18.03709,6.0,Fallow,Low
-8.45022,-17.0766,8.1,Fallow,Low
-10.9477,-19.84472,10.5,Fallow,Medium
-8.6939,-19.25369,12.0333333333333,Fallow,Medium
-6.21615,-18.96612,12.3,Fallow,Medium
-6.22735,-18.98402,15.2,Grass,Medium
-8.39722,-13.33041,11.2,Fallow,Medium
-13.14762,-20.49343,10.3,Fallow,Medium
-12.38428,-16.72157,10.7,Fallow,Medium
-11.76401,-21.85814,8.0,Fallow,Low
-13.55689,-19.07093,41.4,Fallow,Very High
-11.34468,-19.20011,16.0,Fallow,Medium
-9.34341,-18.39952,4.3,Fallow,Low
-12.30669,-19.03016,9.26666666666667,Fallow,Low
-7.5322,-20.04083,8.6,Fallow,Low
-7.51516,-19.31573,12.6,Fallow,Medium
-11.06163,-19.10139,9.0,Fallow,Low
-7.03863,-16.74148,12.0,Fallow,Medium
-9.4104,-18.74423,6.4,Fallow,Low
-12.35404,-17.95942,6.7,Fallow,Low
-10.38789,-16.97541,9.1,Fallow,Low
-9.90663,-14.85658,7.4,Fallow,Low
-10.76328,-20.07481,8.0,Fallow,Low
-10.26432,-18.20491,10.5333333333333,Fallow,Medium
-11.63208,-19.13504,50.0,Paddy,Very High
-7.477,-19.98791,50.0,Fallow,Very High
-13.20762,-21.35461,50.0,Datura,Very High
-9.47201,-15.76556,35.8,Orchad,High
-12.34921,-20.20293,50.0,Fallow,Very High
-11.32858,-21.18744,50.0,Paddy,Very High
-9.27894,-17.13297,50.0,Paddy,Very High
-14.77365,-17.07638,50.0,Paddy,Very High
-11.6646,-17.53626,50.0,Paddy,Very High
-11.40778,-15.65331,50.0,Paddy,Very High
-11.5542,-15.91576,50.0,Paddy,Very High
-10.08229,-16.51433,50.0,Paddy,Very High
-7.27064,-20.41187,50.0,Paddy,Very High
-14.21257,-19.68856,50.0,Paddy,Very High
-13.52241,-20.19132,50.0,Paddy,Very High
-13.83502,-18.17409,50.0,Paddy,Very High
-11.35732,-18.35565,50.0,Paddy,Very High
-9.63189,-18.88954,50.0,Paddy,Very High
-12.27829,-17.21141,50.0,Paddy,Very High
-13.815,-20.77197,50.0,Paddy,Very High
-18.72791,-19.63501,50.0,Paddy,Very High
-9.47416,-17.93549,50.0,Paddy,Very High
-11.98516,-17.95547,50.0,Paddy,Very High
-13.14861,-19.43374,50.0,Paddy,Very High
-12.74665,-15.36537,50.0,Paddy,Very High
-10.35604,-18.85646,50.0,Paddy,Very High
-12.89556,-21.39833,50.0,Paddy,Very High
-10.03465,-17.41102,50.0,Paddy,Very High
-13.48972,-21.25139,50.0,Paddy,Very High
-11.92171,-21.65186,50.0,Paddy,Very High
-8.09111,-17.49976,50.0,Paddy,Very High
-12.20439,-19.92429,50.0,Paddy,Very High
-13.74959,-22.97002,50.0,Paddy,Very High
-8.66876,-13.92964,50.0,Paddy,Very High
-8.49845,-19.78299,50.0,Paddy,Very High
-7.16506,-15.07122,50.0,Paddy,Very High
-14.30764,-22.61759,50.0,Paddy,Very High
-7.52522,-16.69837,50.0,Paddy,Very High
-13.80688,-21.65436,50.0,Paddy,Very High
-10.5654,-18.10289,50.0,Paddy,Very High
-8.37801,-14.13915,50.0,Paddy,Very High
-10.41408,-17.48164,50.0,Paddy,Very High
-12.62679,-18.18218,50.0,Paddy,Very High
-13.31245,-16.91117,50.0,Paddy,Very High
-10.79926,-17.28508,50.0,Paddy,Very High
-13.30139,-15.98742,50.0,Paddy,Very High
-14.68729,-18.86141,50.0,Paddy,Very High
-11.75084,-19.01848,50.0,Fallow,Very High
-11.93726,-15.52232,50.0,Fallow,Very High
-9.4634,-17.46929,50.0,Fallow,Very High
-5.8258,-18.29769,50.0,Fallow&Grass,Very High
-5.7182,-11.99126,25.3,Fodder,High
-10.14644,-14.36296,25.3,Fodder,High
-9.47941,-15.39027,27.5,Fallow,High
-8.03641,-15.43463,26.3,Fallow,High
-7.14403,-15.03636,27.5666666666667,Fallow,High
-6.25212,-15.09396,34.7,Fallow,High
-9.00991,-17.9343,31.3,Fallow,High
-5.94422,-17.2665,50.0,Paddy,Very High
-9.58295,-14.89517,32.9,Fallow,High
-7.06113,-17.556,31.5666666666667,Fallow,High
-8.95991,-16.53004,34.7,Fallow,High
-10.81927,-19.03362,50.0,Fallow,Very High
-13.22864,-19.20762,50.0,Paddy,Very High
-11.44948,-15.72419,33.0,Fallow,High
-11.17062,-17.35074,30.1,Fallow,High
-10.66913,-15.41248,31.1,Perl Millet,High
-11.16298,-18.75138,34.2,Fallow,High
-7.09677,-15.65159,50.0,Paddy,Very High
-9.49694,-13.72372,34.0,Fallow,High
-10.66877,-14.77799,32.6666666666667,Fallow,High
-9.84711,-15.20605,34.5,Fallow,High
-9.54299,-15.12893,37.4,Fallow,High
-8.35767,-13.17792,39.1,Fallow,High
-6.75233,-15.69607,50.0,Paddy,Very High
-8.62394,-15.25852,39.6333333333333,Fallow,High
-8.51324,-17.9517,50.0,Paddy,Very High
-9.50809,-18.53774,50.0,Paddy,Very High
-12.59817,-17.09318,50.0,Paddy,Very High
-5.99896,-13.45538,39.0,Perl Millet,High
-8.77496,-14.64936,50.0,Paddy,Very High
-9.07335,-15.79526,50.0,Paddy,Very High
-8.90978,-17.20812,50.0,Paddy,Very High
-10.54871,-16.1458,50.0,Paddy,Very High
-11.05708,-17.76833,50.0,Paddy,Very High
-13.29288,-17.30543,50.0,Paddy,Very High
-11.06515,-19.00605,50.0,Paddy,Very High
-11.07727,-19.07749,50.0,Paddy,Very High
-14.27776,-19.54084,50.0,Paddy,Very High
-11.68037,-19.94098,50.0,Paddy,Very High
-11.42127,-17.64969,50.0,Paddy,Very High
-10.7969,-20.64874,50.0,Paddy,Very High
-10.62233,-18.83365,50.0,Paddy,Very High
-11.55034,-20.63096,50.0,Paddy,Very High
-12.30328,-18.88917,50.0,Paddy,Very High
-11.39358,-19.07968,50.0,Paddy,Very High
-8.54776,-18.05064,50.0,Paddy,Very High
-10.20583,-18.26329,50.0,Paddy,Very High
-9.02506,-19.11093,50.0,Paddy,Very High
-11.8568,-19.63762,50.0,Paddy,Very High
-9.80548,-19.72249,50.0,Paddy,Very High
-7.75421,-13.99684,50.0,Paddy,Very High
-9.72525,-17.22347,50.0,Paddy,Very High
-7.03806,-17.00446,45.0,Green Manary,Very High
-8.21429,-15.87043,50.0,Paddy,Very High
-7.45846,-16.64296,40.5333333333333,Green Manary,High
-5.49065,-17.9882,50.0,Paddy,Very High
-10.19415,-20.11052,50.0,Paddy,Very High
-11.80394,-19.46377,50.0,Paddy,Very High
-10.8503,-20.06518,50.0,Paddy,Very High
